bedrooms,bathrooms,sqft_living,sqft_lot,floors,waterfront,view,condition,grade,sqft_above,sqft_basement,sqft_living15,sqft_lot15,price
4,1.75,2120.0,7420,1.0,0,0,4,7,1060.0,1060,1540,7420,453000.0
4,2.5,2180.0,9861,2.0,0,2,3,8,2180.0,0,2390,9761,480000.0
3,1.5,1540.0,9800,1.0,0,0,3,7,1010.0,530,1600,8250,180500.0
3,3.5,2380.0,6250,2.0,0,3,3,8,1670.0,710,2540,4010,495000.0
4,2.5,2230.0,8500,2.0,0,0,3,8,2230.0,0,2270,8770,325000.0
2,1.0,830.0,2820,1.0,0,0,4,7,830.0,0,1460,3150,519000.0
3,2.25,1190.0,1137,2.0,0,0,3,7,960.0,230,1190,1080,475000.0
5,3.25,2480.0,10277,2.0,0,0,5,8,1640.0,840,2270,10277,525000.0
4,2.5,3480.0,6262,2.0,0,0,3,9,3480.0,0,3490,6629,808000.0
4,2.5,3172.0,5033,2.0,0,0,3,8,3172.0,0,2704,5232,432500.0
2,1.5,880.0,2400,1.5,0,0,3,7,880.0,0,1220,4440,615000.0
3,1.75,1770.0,8235,1.0,0,0,3,7,1030.0,740,1560,8918,295000.0
3,2.25,1990.0,10260,2.0,0,0,4,8,1990.0,0,1990,10260,675000.0
3,2.5,2620.0,108464,2.0,0,0,4,8,2620.0,0,3190,105850,427000.0
1,1.0,900.0,6380,1.0,0,0,3,6,900.0,0,1830,6380,395000.0
3,2.5,2430.0,10500,2.0,0,1,3,9,2430.0,0,3440,12842,1030000.0
3,1.5,1350.0,7800,1.0,0,0,3,7,1350.0,0,1510,8040,275000.0
4,3.75,3860.0,5474,2.5,0,0,3,10,3860.0,0,3040,5474,1050000.0
3,2.75,1160.0,1073,2.0,0,0,3,7,880.0,280,1250,5400,402723.0
3,2.5,1790.0,2375,3.0,0,0,3,8,1790.0,0,1450,2400,670950.0
5,3.5,3580.0,21343,1.5,0,0,4,8,2140.0,1440,2430,21343,600000.0
3,2.25,1610.0,6655,2.0,0,0,4,7,1610.0,0,1780,7529,358000.0
5,2.75,2730.0,6401,2.0,0,0,3,8,2730.0,0,2520,6126,614285.0
3,2.25,1720.0,8521,1.0,0,0,4,7,1140.0,580,1530,8692,628000.0
3,2.5,1830.0,7585,2.0,0,0,4,8,1830.0,0,2070,7585,325000.0
3,1.0,1310.0,8370,1.5,0,0,3,7,1310.0,0,1310,8370,311000.0
5,2.75,3010.0,4919,2.0,0,0,3,9,3010.0,0,3230,5415,831548.0
2,1.75,1610.0,4104,1.0,0,0,3,7,950.0,660,1510,5284,397000.0
3,3.25,4160.0,35153,3.0,0,2,3,12,3690.0,470,3290,11533,1700000.0
2,2.5,1175.0,1366,2.0,0,0,3,8,740.0,435,1710,1255,342000.0
3,2.0,1370.0,8137,1.0,0,0,4,7,1370.0,0,1660,8840,276000.0
4,3.5,3010.0,3600,2.0,0,0,3,9,,640,2650,4200,1280000.0
2,1.75,2230.0,6930,1.0,0,0,4,8,1530.0,700,1970,6930,766500.0
3,2.25,1900.0,18000,1.0,0,0,4,7,1280.0,620,1920,15000,212000.0
4,1.5,,3300,1.5,0,0,4,8,1530.0,500,2610,5400,750000.0
2,1.75,910.0,2693,1.0,0,0,3,6,910.0,0,1360,2693,200000.0
4,2.5,2233.0,6025,2.0,0,0,3,7,2233.0,0,1544,6036,317500.0
5,2.5,2250.0,10400,1.0,0,0,3,8,1280.0,970,2140,9592,370000.0
4,2.5,2980.0,8786,2.0,0,0,3,8,2980.0,0,2980,6718,382500.0
3,2.0,1540.0,3600,2.0,0,0,3,8,1540.0,0,2970,3600,850000.0
4,1.5,3120.0,7680,1.0,0,3,3,8,1660.0,1460,2900,7680,976000.0
2,1.0,1240.0,12092,1.0,0,0,3,6,960.0,280,1820,7460,240500.0
5,1.75,2000.0,8713,1.0,0,2,3,7,1000.0,1000,2040,8449,620000.0
3,2.5,1800.0,3265,2.0,0,0,3,8,1800.0,0,1800,3663,437718.0
3,2.5,2440.0,4800,2.0,0,0,3,10,2440.0,0,1180,5480,625000.0
3,1.75,1740.0,8528,1.0,0,0,4,7,1290.0,450,1610,8528,480000.0
4,2.5,2590.0,4498,2.0,0,0,3,9,2590.0,0,2660,5238,700000.0
2,2.0,1460.0,9052,1.0,0,2,5,6,1460.0,0,2554,7834,1010000.0
5,3.25,3410.0,9088,2.0,0,3,3,9,2760.0,650,3540,7100,2400000.0
2,1.0,1580.0,2199,2.0,0,2,3,8,1580.0,0,2170,4405,720000.0
4,2.5,1630.0,5361,2.0,0,0,3,7,1630.0,0,1920,5046,327000.0
3,2.25,1610.0,7187,2.0,0,0,3,7,1610.0,0,1640,7194,269950.0
5,3.25,3940.0,9780,2.0,0,0,3,9,3940.0,0,3550,8468,695000.0
4,2.5,3180.0,5438,2.0,0,0,3,9,3180.0,0,3030,5335,650000.0
4,1.5,1940.0,8970,1.5,0,0,3,7,1270.0,670,1960,8470,306888.0
4,2.5,2730.0,10281,2.0,0,2,3,9,2730.0,0,2750,7220,780000.0
2,1.0,1150.0,15000,1.0,0,0,3,6,1060.0,90,1350,15000,224000.0
4,2.5,2630.0,15000,2.0,0,0,5,8,2630.0,0,1770,8700,589000.0
3,2.5,1530.0,8500,1.0,0,0,5,7,1030.0,500,1850,8140,245000.0
3,1.0,1140.0,5000,1.0,0,0,3,7,1140.0,0,1140,5000,276000.0
3,1.75,3670.0,11884,1.0,0,2,4,9,1950.0,1720,3020,9747,920000.0
3,2.0,1750.0,7000,1.0,0,0,3,8,1750.0,0,1840,6969,363000.0
4,2.25,,14237,2.0,0,0,3,9,3440.0,0,3250,18365,725000.0
3,1.0,970.0,5922,1.5,0,0,3,7,970.0,0,1730,6128,354950.0
3,1.75,1150.0,6423,1.0,0,0,3,5,590.0,560,1150,8367,285000.0
2,1.0,950.0,4000,1.0,0,0,3,6,950.0,0,1480,4000,320000.0
4,2.75,3540.0,7091,1.5,0,1,4,8,1970.0,1570,2200,6000,784000.0
3,2.5,1770.0,7336,2.0,0,0,3,7,1770.0,0,1770,7349,270000.0
4,1.75,1720.0,8750,1.0,0,0,3,7,860.0,860,1790,8750,385000.0
3,2.5,1610.0,8544,2.0,0,0,5,7,1610.0,0,1840,8190,319000.0
2,1.0,1650.0,9780,1.0,0,0,3,7,950.0,700,1650,5458,580000.0
3,2.25,2280.0,6150,2.0,0,2,3,8,2280.0,0,1920,6150,660000.0
6,2.75,3500.0,5150,,0,0,5,8,2430.0,1070,1430,3860,865000.0
3,2.5,1950.0,3730,2.0,0,0,3,9,1950.0,0,2080,4000,899000.0
3,2.5,2099.0,4275,2.0,0,0,3,7,2099.0,0,2099,4275,289950.0
3,1.75,1500.0,10269,1.0,0,0,3,7,1030.0,470,2090,10269,352500.0
3,1.75,1240.0,13869,1.0,0,0,4,7,1240.0,0,1970,7790,675000.0
5,2.5,1970.0,12375,1.0,0,0,3,8,1570.0,400,1970,8941,575000.0
1,1.0,1160.0,64469,1.0,0,0,3,7,1160.0,0,1580,48352,440000.0
4,2.0,1490.0,5300,1.0,0,0,3,7,1110.0,380,1330,1499,425000.0
3,2.5,1800.0,5372,2.0,0,0,3,8,1800.0,0,1650,6014,416000.0
2,1.0,1360.0,69260,1.0,0,0,4,5,1360.0,0,1460,69260,335000.0
2,2.0,1540.0,54450,2.0,0,0,3,7,1540.0,0,2280,29918,475000.0
3,1.75,1290.0,1237,2.0,0,0,3,7,1060.0,230,1370,942,288790.0
4,2.5,2970.0,34981,2.0,0,0,3,9,2970.0,0,3170,30277,640000.0
4,2.5,,7930,2.0,0,0,3,8,2460.0,0,1850,9000,730000.0
4,2.5,2270.0,7665,2.0,0,0,3,9,2270.0,0,2450,8706,732350.0
2,1.75,1350.0,4286,1.0,0,0,3,8,1350.0,0,1440,4839,455000.0
3,2.75,1320.0,1125,3.0,0,0,3,8,1320.0,0,1320,1266,535000.0
2,2.0,1190.0,7570,1.0,0,0,3,6,1190.0,0,1190,7635,210000.0
3,2.5,2490.0,23891,2.0,0,0,3,9,2490.0,0,2900,34705,700000.0
4,2.5,2423.0,7292,2.0,0,0,3,8,2423.0,0,2495,7489,290000.0
3,2.5,1350.0,1189,2.0,0,0,3,7,1080.0,270,1300,1182,270000.0
4,2.25,3060.0,48787,2.0,0,0,3,8,3060.0,0,2090,48787,415000.0
2,1.0,710.0,6322,1.0,0,0,3,6,710.0,0,740,6720,245000.0
4,2.5,2480.0,15411,2.0,0,2,3,8,2480.0,0,2940,14679,665000.0
2,1.5,893.0,965,2.0,0,0,3,8,893.0,0,1340,1436,359950.0
3,2.5,1870.0,3584,2.0,0,0,3,8,1870.0,0,1900,3920,345000.0
2,1.0,730.0,6728,1.0,0,0,3,6,730.0,0,1170,7034,122000.0
3,1.5,1580.0,1228,3.0,0,0,3,8,1580.0,0,1580,3605,495000.0
5,2.0,2290.0,7125,,0,0,3,7,1190.0,1100,1460,7920,580000.0
4,2.0,2410.0,4680,2.0,0,0,3,9,2410.0,0,1910,4611,470000.0
3,2.5,1470.0,4675,,0,0,3,7,1470.0,0,1500,4385,339900.0
2,1.75,1810.0,4220,2.0,0,0,3,8,1810.0,0,1350,4479,489000.0
3,1.0,1960.0,7955,1.0,0,0,4,7,1260.0,700,1850,8219,375000.0
3,1.75,1920.0,9102,1.0,0,0,3,7,1920.0,0,1920,9760,400000.0
3,1.0,1440.0,5580,1.5,0,0,3,7,1440.0,0,2010,5580,499950.0
3,2.5,2530.0,8116,2.0,0,0,3,8,2530.0,0,2280,8791,450000.0
4,1.5,1570.0,8775,1.0,0,0,3,7,1570.0,0,980,8775,228900.0
4,2.5,2360.0,43088,2.0,0,0,3,8,2360.0,0,2850,39216,542126.0
3,2.5,1940.0,7415,2.0,0,0,3,8,1940.0,0,1940,8425,423800.0
4,2.75,2656.0,21195,2.0,0,0,3,9,2656.0,0,1860,16510,495000.0
3,2.0,1770.0,6610,1.0,0,0,4,7,960.0,810,2010,4361,449500.0
4,2.5,2900.0,4762,2.0,0,0,3,8,2900.0,0,2900,5173,354000.0
4,2.5,2700.0,9320,2.0,0,0,4,8,2700.0,0,2120,8056,837500.0
2,1.0,1250.0,5413,1.0,0,0,4,7,1250.0,0,1250,5413,511000.0
6,1.0,1730.0,2760,1.5,0,0,3,7,1250.0,480,1630,3200,563000.0
3,1.0,1520.0,213444,1.5,0,3,5,8,1520.0,0,2640,213444,425000.0
4,1.0,2150.0,3588,2.0,0,3,4,8,1850.0,300,1950,3588,810000.0
3,2.5,2160.0,9888,2.0,0,0,4,9,2160.0,0,3060,7829,733000.0
2,1.5,1440.0,725,2.0,0,0,3,8,1100.0,340,1440,4255,427000.0
3,1.0,1200.0,4000,1.5,0,0,4,6,1200.0,0,1390,4000,438000.0
2,1.5,950.0,4625,1.0,0,0,4,7,950.0,0,1440,4625,430000.0
2,2.25,1290.0,1334,3.0,0,0,3,8,1290.0,0,1350,1334,489000.0
3,2.5,2340.0,5957,2.0,0,0,3,8,2340.0,0,2340,6604,505000.0
6,2.0,2500.0,5200,1.0,0,0,3,8,1250.0,1250,1800,5200,415000.0
4,1.0,1410.0,6000,1.0,0,0,3,7,810.0,600,1500,4800,413000.0
3,2.75,2660.0,10350,1.0,0,4,4,8,1330.0,1330,2820,10043,851000.0
4,3.25,2630.0,7770,2.0,0,0,3,9,2630.0,0,1370,7770,715000.0
3,3.25,3790.0,19000,2.0,0,4,3,10,3790.0,0,2740,18628,1600000.0
3,2.25,1920.0,8223,2.0,0,0,4,7,1920.0,0,1940,7274,443000.0
4,1.5,2210.0,10497,1.0,0,0,4,8,1650.0,560,1840,12697,445500.0
3,3.5,3220.0,3960,2.0,0,4,3,10,2760.0,460,3080,4444,1260000.0
4,2.5,2300.0,7500,1.0,0,3,2,7,1650.0,650,2300,7500,308130.0
3,1.75,1780.0,4500,1.0,0,0,4,7,920.0,860,1360,4000,625000.0
4,2.75,2830.0,7334,2.0,0,0,3,8,2830.0,0,2830,7378,540000.0
3,1.5,1820.0,8750,1.0,0,0,4,7,1200.0,620,1500,8000,276000.0
3,2.0,2520.0,5980,1.0,0,0,3,8,1790.0,730,1590,5750,650000.0
4,2.5,3700.0,63991,2.0,0,0,3,10,3700.0,0,3210,47215,898000.0
3,1.5,2100.0,10000,1.0,0,0,4,7,2100.0,0,1300,7500,245000.0
3,2.5,1528.0,7616,2.0,0,0,3,7,1528.0,0,1850,7340,272000.0
4,3.0,2010.0,8171,2.0,0,0,3,8,2010.0,0,2090,8203,434000.0
3,2.25,2760.0,10160,1.0,0,0,3,8,2760.0,0,2760,9600,336000.0
2,1.0,1300.0,11080,1.0,0,0,4,7,1300.0,0,1600,9259,425000.0
7,3.0,2940.0,8624,1.0,0,0,3,8,1690.0,1250,1850,8031,420000.0
4,4.0,,7221,2.0,0,0,3,10,3010.0,0,3490,7518,765000.0
4,4.25,5540.0,15408,2.0,0,1,3,11,4280.0,1260,3570,14750,2580000.0
3,1.0,1140.0,6400,1.0,0,0,3,7,1140.0,0,1340,6650,309000.0
5,2.75,2400.0,8050,2.0,0,0,3,8,2400.0,0,2400,8050,327000.0
4,2.5,2750.0,7200,2.0,0,0,3,8,2750.0,0,2750,7200,430000.0
3,1.5,1520.0,9041,1.0,0,0,4,7,1520.0,0,3260,10020,810000.0
3,2.5,1900.0,5194,2.0,0,0,3,7,1900.0,0,2230,5194,343500.0
2,1.0,1230.0,5000,1.0,0,0,5,6,1230.0,0,1230,5413,184900.0
4,2.5,,4950,2.0,0,0,3,8,2900.0,0,2590,4950,520000.0
1,1.0,720.0,7540,1.0,1,4,4,6,720.0,0,1120,9736,570000.0
4,2.5,2680.0,9928,1.0,0,0,4,8,1340.0,1340,2180,10478,463000.0
5,2.5,2570.0,7412,2.0,0,0,3,8,2570.0,0,2890,8056,472000.0
5,2.5,3490.0,18850,1.0,0,4,4,9,1840.0,1650,2690,11625,915000.0
2,0.75,550.0,7980,1.0,0,0,3,5,550.0,0,1330,7980,115000.0
4,2.5,3710.0,15935,1.0,0,0,3,10,2130.0,1580,3674,17913,485000.0
4,2.5,2040.0,109336,1.5,0,0,4,8,2040.0,0,2370,133729,375000.0
3,2.5,2260.0,4550,1.5,0,0,4,7,1380.0,880,1870,4582,622500.0
3,1.75,1860.0,48076,1.5,0,0,4,8,1860.0,0,1410,23066,407185.0
4,2.5,2520.0,5000,2.0,0,0,3,9,2520.0,0,2910,5001,680000.0
3,1.5,1210.0,5200,1.0,0,0,5,6,1210.0,0,1120,5200,219950.0
3,2.0,2560.0,216777,1.0,0,0,3,8,2560.0,0,2360,108463,560000.0
4,2.5,1750.0,9000,1.0,0,0,3,8,1410.0,340,2120,9600,625000.0
3,2.25,2300.0,7200,1.0,0,0,4,8,1550.0,750,2000,7350,287000.0
3,2.5,2250.0,11632,2.0,0,0,3,8,2250.0,0,2360,11632,538000.0
4,2.5,2755.0,4831,2.0,0,0,3,7,2755.0,0,2510,4831,625250.0
3,3.0,3450.0,16200,2.0,0,0,3,10,3450.0,0,3130,12150,688000.0
2,1.0,700.0,10540,1.0,0,0,3,6,700.0,0,890,10540,192000.0
4,2.5,2740.0,45732,2.0,0,0,3,8,2740.0,0,2080,43560,483500.0
5,6.0,7120.0,40806,2.0,0,4,3,12,,1640,3440,36859,900000.0
3,2.5,2040.0,9765,2.0,0,0,3,8,2040.0,0,2350,10150,325900.0
4,1.5,2430.0,3600,2.5,0,0,3,8,2430.0,0,2020,4800,940000.0
3,2.5,1680.0,10300,2.0,0,0,4,7,1680.0,0,1680,9849,262000.0
4,2.75,2810.0,8570,2.0,0,0,3,10,2810.0,0,2810,9621,1570000.0
3,2.5,2550.0,5349,2.0,0,0,3,7,2550.0,0,2640,5400,394000.0
4,2.0,2290.0,6000,,0,3,5,7,2290.0,0,2000,3150,685000.0
3,1.0,860.0,1664,1.5,0,0,3,7,860.0,0,1540,4080,399900.0
3,2.5,1580.0,1321,2.0,0,2,3,8,1080.0,500,1530,1357,705000.0
4,2.0,1690.0,7728,1.5,0,0,4,7,1690.0,0,1480,8009,207000.0
3,2.25,2170.0,5001,2.0,0,0,3,8,2170.0,0,1700,6991,802000.0
3,2.0,2260.0,9568,1.0,0,0,3,8,1780.0,480,2250,9744,539000.0
2,1.0,790.0,7500,,0,0,3,7,790.0,0,1560,7794,130000.0
2,2.25,1010.0,1107,2.0,0,0,3,8,710.0,300,1140,1531,459000.0
2,1.0,920.0,7688,1.0,0,0,3,6,920.0,0,1040,7440,275000.0
4,2.25,2660.0,11200,2.0,0,0,4,8,2660.0,0,2090,11120,425000.0
3,2.5,2140.0,7641,1.0,0,0,3,8,1290.0,850,2090,8000,339950.0
3,2.25,1900.0,3960,1.5,0,0,3,8,1200.0,700,1310,3960,580000.0
4,2.75,2740.0,7872,2.0,0,0,3,10,2740.0,0,1220,6300,530000.0
2,1.0,1200.0,6278,1.0,0,0,3,7,1080.0,120,1200,6211,486700.0
4,1.0,1320.0,5000,1.5,0,0,3,7,1320.0,0,1640,5164,229000.0
3,2.25,2270.0,32112,1.0,0,0,4,8,1740.0,530,2310,41606,390000.0
3,2.0,1720.0,11875,1.0,0,0,5,6,1720.0,0,1860,7500,313100.0
3,1.75,2200.0,12231,1.0,0,0,4,7,1250.0,950,2200,9825,322000.0
5,2.75,3300.0,7560,2.0,0,0,3,10,3300.0,0,3150,8580,1110000.0
4,2.0,1730.0,9139,2.0,0,0,3,8,1730.0,0,1410,7311,466750.0
4,1.75,2070.0,9120,1.0,0,0,4,7,1250.0,820,1650,8400,430000.0
6,2.0,1750.0,17685,1.0,0,0,4,5,1750.0,0,1750,9209,315000.0
3,1.75,1550.0,7410,1.5,0,0,5,7,1550.0,0,1250,7467,280000.0
3,1.5,1580.0,8841,1.5,0,0,5,7,1180.0,400,1580,7512,520000.0
1,0.75,1170.0,14149,1.0,0,0,5,7,880.0,290,1130,24513,275000.0
2,2.5,750.0,1430,2.0,0,0,3,8,750.0,0,1320,2790,375000.0
3,1.0,980.0,7606,1.0,0,0,3,7,980.0,0,980,8125,221000.0
2,1.0,1640.0,17335,1.0,0,0,3,7,840.0,800,2440,17850,379500.0
4,2.75,3100.0,10245,2.0,0,0,3,10,3100.0,0,3140,9028,792000.0
3,1.0,1430.0,13370,1.0,0,0,3,7,1430.0,0,1670,10075,394900.0
3,2.25,2330.0,3600,1.5,0,0,3,8,2330.0,0,2050,4275,490000.0
3,2.5,1980.0,6608,2.0,0,0,3,8,1980.0,0,2150,7495,272000.0
3,1.5,1255.0,1374,3.0,0,0,3,7,1255.0,0,1307,1232,312000.0
4,2.0,1580.0,6250,1.0,0,0,3,7,860.0,720,1580,6250,190000.0
3,1.75,1390.0,13200,2.0,0,0,3,7,1390.0,0,1430,10725,290000.0
2,1.0,2020.0,6720,1.0,0,0,3,7,1010.0,1010,1720,6720,355000.0
3,1.5,1850.0,10572,1.0,0,0,4,8,1850.0,0,3030,12752,1380000.0
2,2.0,1170.0,8251,1.0,0,0,3,7,1170.0,0,1360,6798,393820.0
3,3.5,4310.0,10842,2.0,0,2,3,10,3140.0,1170,2280,11106,1200000.0
2,1.0,790.0,5024,1.0,0,0,4,7,790.0,0,1330,5024,425000.0
2,1.0,1140.0,11480,1.0,0,0,3,6,1140.0,0,1550,8150,455000.0
2,2.25,1140.0,1332,3.0,0,0,3,8,1140.0,0,1140,1267,476000.0
4,3.0,3720.0,57499,1.0,0,0,3,9,1880.0,1840,2560,26372,650000.0
3,2.0,1680.0,7000,1.5,0,0,4,7,1680.0,0,1540,7480,219200.0
3,2.0,1960.0,8846,,0,3,4,6,980.0,980,2190,6363,360000.0
3,2.25,1560.0,6013,2.0,0,0,3,7,1560.0,0,1640,6290,213675.0
4,1.75,1650.0,7775,1.0,0,0,4,7,1150.0,500,1390,7200,475000.0
2,1.75,1700.0,3618,1.0,0,1,3,8,1260.0,440,2200,5000,895000.0
4,3.0,3150.0,9703,2.0,0,0,3,9,3150.0,0,3150,8819,727000.0
5,4.5,4000.0,6713,2.0,0,0,3,9,4000.0,0,3690,6600,771005.0
4,4.0,3650.0,18223,2.0,0,3,3,9,3330.0,320,3220,11022,799900.0
3,2.5,3110.0,217800,2.0,0,0,3,9,3110.0,0,2220,217800,559000.0
4,2.5,2009.0,4800,2.0,0,0,3,8,2009.0,0,1798,4800,279000.0
3,1.0,1090.0,10620,1.5,0,0,3,7,1090.0,0,1380,10620,140000.0
3,1.0,1190.0,85226,1.5,0,0,5,5,1190.0,0,1360,46960,390000.0
4,3.0,3180.0,80837,2.0,0,0,3,11,3180.0,0,3180,38715,914600.0
3,2.5,3120.0,12406,2.0,0,2,3,9,1940.0,1180,3240,13141,850000.0
2,1.0,1410.0,7000,1.0,0,0,3,7,1410.0,0,1540,6000,175000.0
2,1.0,1180.0,9350,1.0,0,0,3,6,1180.0,0,1780,9306,160000.0
3,2.25,1900.0,7250,1.0,0,0,3,7,1250.0,650,1560,9420,245000.0
8,3.75,3460.0,4600,2.0,0,0,3,7,2860.0,600,2170,3750,808000.0
2,1.0,640.0,7768,1.0,0,0,3,6,640.0,0,840,7424,165000.0
5,4.0,4390.0,6656,2.0,0,0,3,9,2930.0,1460,1560,6656,1230000.0
3,2.5,2620.0,11056,2.0,0,0,3,9,2620.0,0,2560,8688,557500.0
4,2.0,1780.0,7350,1.0,0,0,5,7,900.0,880,1480,7350,318500.0
4,1.0,1040.0,4420,1.5,0,0,3,6,1040.0,0,1310,4920,396000.0
2,1.5,1110.0,986,2.0,0,0,3,7,950.0,160,1110,3515,252500.0
4,2.5,2640.0,47480,1.0,0,0,4,8,1590.0,1050,2390,67415,462000.0
3,2.75,1950.0,12630,1.0,0,0,4,8,1230.0,720,1990,12196,510000.0
5,2.25,3210.0,61419,1.5,0,0,3,8,,0,2820,48351,696500.0
3,2.5,1480.0,1590,2.0,0,0,3,8,1150.0,330,1480,5761,315000.0
3,4.25,5150.0,7800,2.5,0,2,3,11,4170.0,980,4270,7800,2250000.0
3,1.0,1380.0,6250,1.0,0,0,4,7,1380.0,0,2270,6250,553000.0
3,2.5,1640.0,5097,2.0,0,0,3,7,1640.0,0,1880,6000,475000.0
4,2.5,2240.0,4447,2.0,0,0,3,7,2240.0,0,2000,3800,410000.0
3,2.25,1630.0,10962,1.0,0,0,4,8,1100.0,530,1830,8470,305000.0
5,4.5,4300.0,12250,2.0,0,0,3,10,4300.0,0,3950,12250,975000.0
4,1.5,1370.0,3708,1.5,0,0,3,7,1370.0,0,2030,3708,545000.0
3,2.5,1930.0,8254,2.0,0,0,3,7,1930.0,0,1540,8849,369950.0
4,2.5,2050.0,4953,2.0,0,0,3,9,2050.0,0,2340,6175,383000.0
2,2.25,1280.0,835,2.0,0,0,3,7,1080.0,200,1280,1246,370000.0
3,2.0,1980.0,2674,3.0,0,0,3,8,1980.0,0,1440,2674,435000.0
2,1.0,1500.0,6685,1.0,0,0,3,7,1190.0,310,1420,6561,245000.0
4,2.25,2270.0,10000,1.0,0,0,5,8,1720.0,550,2270,10148,596000.0
2,1.0,1300.0,39639,1.0,0,0,4,6,1300.0,0,1880,98881,295000.0
4,2.5,2154.0,4153,2.0,0,0,3,9,2154.0,0,2154,4091,390000.0
4,2.25,2110.0,16200,1.0,0,0,3,8,1630.0,480,2370,16000,490000.0
4,1.75,1640.0,1480,1.0,0,0,4,7,820.0,820,1420,2342,450000.0
5,2.0,1940.0,7642,1.5,0,0,3,7,1940.0,0,1940,8724,465250.0
3,1.75,1250.0,5375,1.0,0,0,3,7,1250.0,0,1320,6258,283500.0
4,2.0,2680.0,14157,1.0,0,0,3,8,1460.0,1220,2100,9199,525000.0
3,2.5,1460.0,1319,3.0,0,0,3,8,1460.0,0,1430,1530,400000.0
3,2.5,2300.0,8938,2.0,0,0,3,9,2300.0,0,2570,9694,395000.0
3,1.5,1390.0,2153,2.0,0,0,3,7,1390.0,0,1100,2617,267500.0
3,1.0,1040.0,6800,1.0,0,0,5,6,1040.0,0,1430,6080,212000.0
3,2.25,1620.0,4500,2.0,0,0,4,8,1620.0,0,1210,4320,800000.0
4,2.5,2210.0,7722,2.0,0,0,3,9,2210.0,0,2970,8683,640000.0
2,1.0,970.0,5665,1.0,0,0,4,6,970.0,0,1490,4429,315000.0
4,2.5,1770.0,8155,1.5,0,0,4,6,1770.0,0,1460,7360,500000.0
3,2.5,2370.0,3239,2.0,0,0,3,8,1950.0,420,2520,3431,475000.0
3,2.5,1660.0,10763,2.0,0,0,3,7,1660.0,0,2010,7983,315000.0
3,2.5,2393.0,4788,2.0,0,0,3,8,2393.0,0,2439,5477,400000.0
3,2.25,1840.0,9040,1.0,0,0,3,8,1370.0,470,1870,8992,285000.0
4,2.5,3100.0,5700,2.0,0,0,3,9,3100.0,0,3060,6000,499000.0
4,2.25,2160.0,9525,1.0,0,0,3,8,1080.0,1080,2780,9525,750000.0
4,2.0,1450.0,7560,1.0,0,0,3,7,1450.0,0,1430,7560,234950.0
4,1.75,2860.0,48351,1.0,0,0,3,8,1710.0,1150,2460,43560,530000.0
2,1.0,930.0,5650,1.0,0,2,3,7,930.0,0,1340,6400,306000.0
3,2.0,2010.0,4320,2.0,0,2,3,9,2010.0,0,1640,5225,699000.0
2,1.0,880.0,1165,2.0,0,0,3,8,880.0,0,1640,3825,360000.0
3,2.25,2930.0,7005,3.0,0,2,3,9,2670.0,260,2450,6460,1050000.0
4,3.5,3590.0,5334,2.0,0,2,3,9,3140.0,450,2100,6250,1300000.0
2,1.0,1470.0,6398,1.0,0,0,4,7,970.0,500,1950,6398,602000.0
3,1.5,1890.0,5000,1.5,0,0,3,9,1890.0,0,2560,5000,826000.0
3,2.5,2370.0,4375,2.0,0,0,3,8,2370.0,0,2380,4606,366000.0
3,2.5,3080.0,13880,2.0,0,0,3,9,3080.0,0,2780,15318,569999.0
4,1.75,2150.0,9000,1.0,0,0,4,7,1110.0,1040,2040,9000,550000.0
2,1.0,960.0,6263,1.0,0,1,4,6,960.0,0,1460,6054,660000.0
3,1.75,1910.0,4800,1.0,0,0,3,7,1080.0,830,1750,4800,700000.0
3,2.0,1640.0,7201,1.0,0,0,3,8,1640.0,0,1750,7201,405000.0
5,2.75,2930.0,31411,1.0,0,0,4,9,1520.0,1410,3070,12378,610000.0
4,2.5,2560.0,5800,2.0,0,0,3,9,2560.0,0,3040,5800,388000.0
6,2.5,3760.0,12978,1.0,0,0,3,9,2360.0,1400,2300,7362,838300.0
4,1.5,1860.0,7808,1.0,0,0,3,7,1080.0,780,1530,7884,450000.0
4,2.25,2460.0,11250,1.0,0,0,4,8,2460.0,0,1630,10216,276000.0
2,1.0,660.0,5000,1.0,0,0,3,6,660.0,0,1000,5000,175000.0
2,1.5,1300.0,7632,1.0,0,2,3,7,1300.0,0,1420,1676,750000.0
3,2.5,1570.0,4926,2.0,0,0,3,8,1570.0,0,1800,3202,417000.0
3,1.0,1100.0,17334,1.0,0,0,3,7,1100.0,0,1530,18694,139000.0
3,2.25,1650.0,7313,1.0,0,0,3,7,1220.0,430,1690,7252,460000.0
4,2.25,2350.0,7210,1.5,0,0,4,7,2350.0,0,1930,7519,500000.0
3,3.0,2630.0,4972,2.0,0,0,3,9,2630.0,0,2880,4972,731781.0
3,1.5,1140.0,8340,1.0,0,0,3,7,1140.0,0,1140,8340,200000.0
3,2.25,1600.0,39848,1.0,0,3,4,8,1600.0,0,1600,39848,380000.0
4,3.5,3370.0,3634,2.0,0,0,3,9,2750.0,620,3200,3650,812000.0
4,1.75,2410.0,8447,2.0,0,3,4,8,2060.0,350,2520,14789,550000.0
5,2.75,3260.0,11700,1.0,0,0,3,8,1630.0,1630,2860,11700,681500.0
4,1.0,,37238,1.5,0,0,4,7,1740.0,0,1810,18352,470000.0
3,1.75,1340.0,13115,1.0,0,0,3,7,1340.0,0,1370,10800,332000.0
3,3.0,3250.0,5093,2.0,0,3,3,10,3250.0,0,2820,7752,1050000.0
5,2.5,2140.0,15950,1.0,0,2,4,8,1370.0,770,2600,14273,621500.0
4,3.5,3420.0,49223,2.0,0,0,3,9,3420.0,0,3580,49223,679000.0
4,2.0,2660.0,8160,1.0,0,0,4,7,,1280,1660,8160,635000.0
3,2.5,2420.0,8856,1.0,0,3,3,9,1620.0,800,2650,9750,755000.0
4,2.25,1960.0,14834,1.0,0,0,4,8,,630,1540,15000,474000.0
3,1.75,1490.0,8366,1.0,0,0,4,7,1010.0,480,1490,7469,234000.0
4,2.5,2790.0,7956,2.0,0,0,3,9,2790.0,0,1660,8192,375000.0
4,4.0,2290.0,6250,1.5,0,0,5,7,1690.0,600,1920,4335,661254.0
2,1.0,1040.0,5700,1.0,0,0,3,6,1040.0,0,1380,5700,270000.0
4,2.5,2470.0,2550,3.0,0,0,3,8,2470.0,0,1270,3060,735000.0
4,3.5,2690.0,5564,2.0,0,0,3,7,2690.0,0,2210,4046,359950.0
1,1.0,550.0,5700,1.0,0,0,2,6,550.0,0,1100,4560,290000.0
4,3.25,3520.0,5250,2.0,0,0,3,9,3520.0,0,3220,5781,795000.0
2,1.75,2120.0,6350,1.0,0,0,4,6,1440.0,680,1590,6350,300000.0
3,1.0,1540.0,37950,1.0,0,0,4,7,1090.0,450,1820,24375,429000.0
2,1.0,1040.0,9100,1.0,0,0,4,7,1040.0,0,1950,13228,227000.0
4,1.0,1760.0,8906,1.0,0,0,3,7,,530,1180,10407,365000.0
4,2.5,2520.0,2600,2.0,0,0,5,8,1670.0,850,2290,3600,1130000.0
3,2.25,1560.0,8570,1.0,0,0,5,7,,480,2660,9621,1100000.0
3,1.75,1680.0,9769,1.0,0,0,3,8,1340.0,340,1730,9686,265000.0
3,1.75,1970.0,7972,1.0,0,3,5,8,1370.0,600,2460,9796,501000.0
3,1.75,2080.0,7800,1.0,0,0,5,7,1220.0,860,1770,7860,365000.0
4,2.5,2840.0,4750,2.0,0,0,3,9,2840.0,0,2460,4750,525000.0
3,2.5,2480.0,6112,2.0,0,0,3,7,2480.0,0,3220,6727,340000.0
3,1.75,1700.0,8400,1.0,0,0,3,8,1460.0,240,2010,7000,750000.0
4,1.0,2170.0,12100,1.0,0,0,5,7,2170.0,0,1270,12844,565000.0
4,2.5,3130.0,60467,,0,0,3,9,3130.0,0,2780,44224,685530.0
2,1.0,1390.0,5544,1.0,0,0,3,7,930.0,460,1710,6200,510000.0
3,2.5,1330.0,1064,3.0,0,0,3,8,1330.0,0,1330,1113,375000.0
4,2.5,2170.0,11511,2.0,0,0,3,8,2170.0,0,1900,8961,377000.0
3,2.0,1610.0,7575,1.0,0,0,4,7,1110.0,500,1920,8400,197400.0
5,3.25,4475.0,6642,2.0,0,0,3,9,4475.0,0,3720,6633,1040000.0
4,2.5,1660.0,6724,2.0,0,0,3,7,1660.0,0,1544,6054,255000.0
3,1.75,1130.0,5111,1.0,0,0,4,7,930.0,200,1360,4424,565000.0
4,2.0,1350.0,7255,1.0,0,0,4,7,1350.0,0,1050,7288,400000.0
3,1.0,1160.0,8320,1.0,0,0,4,7,1160.0,0,1480,7800,201500.0
3,2.5,2040.0,14071,2.0,0,0,3,7,2040.0,0,1890,14040,330000.0
3,2.5,2700.0,8444,2.0,0,0,3,10,2700.0,0,2840,9165,765000.0
4,2.5,2950.0,43560,1.0,0,2,4,9,2550.0,400,3260,41016,1870000.0
3,2.25,2210.0,7916,2.0,0,0,3,8,2210.0,0,1450,7955,500000.0
3,3.5,4500.0,21870,2.0,0,0,3,10,4500.0,0,4670,23058,785000.0
4,2.5,2310.0,5362,2.0,0,4,4,8,2010.0,300,2530,5960,921000.0
4,1.75,3280.0,35160,1.0,0,0,3,7,2080.0,1200,2510,31331,605000.0
3,1.75,2100.0,8298,1.0,0,0,4,7,1230.0,870,1700,10830,335000.0
3,3.25,3330.0,15093,2.5,0,0,3,9,3330.0,0,4340,20031,950000.0
5,2.5,2500.0,7200,1.0,0,0,4,7,1490.0,1010,1960,8325,661500.0
3,2.5,2790.0,53143,2.0,0,0,4,9,2790.0,0,2740,47916,815000.0
4,1.0,1020.0,11383,1.5,0,0,5,6,1020.0,0,1290,11213,364000.0
4,2.5,1970.0,7098,2.0,0,0,3,7,1970.0,0,1970,5361,347500.0
3,1.5,1170.0,1174,2.0,0,0,3,7,840.0,330,1170,2537,275000.0
3,1.75,2140.0,5808,1.0,0,1,3,7,1070.0,1070,1930,5808,620000.0
3,1.0,1400.0,8710,1.0,0,0,4,7,1400.0,0,1460,8710,380000.0
2,1.5,900.0,5750,1.0,0,2,3,7,900.0,0,1300,1413,550000.0
3,2.0,1270.0,10713,1.0,0,0,4,7,1270.0,0,1620,8250,435000.0
5,3.25,3480.0,6507,2.0,0,0,3,9,3480.0,0,3360,5398,864327.0
2,1.0,2160.0,12960,1.0,0,0,3,7,1360.0,800,2070,12960,305000.0
3,1.75,1120.0,10187,1.0,0,0,3,7,1120.0,0,1900,8736,240415.0
3,2.5,1440.0,3800,2.0,0,0,3,7,1440.0,0,1890,3819,269000.0
4,2.5,2050.0,6705,1.0,0,0,4,7,1230.0,820,1610,7292,479000.0
4,1.0,1660.0,6075,1.5,0,0,5,7,1660.0,0,1810,5400,680000.0
5,3.0,2230.0,8560,1.0,0,0,3,8,1150.0,1080,2040,8560,750000.0
4,1.75,,2788,1.0,0,0,4,6,890.0,890,1760,5664,442900.0
3,1.75,1470.0,8925,1.0,0,0,4,7,1470.0,0,1430,9282,239000.0
3,1.0,960.0,3844,1.0,0,0,3,7,960.0,0,1020,3844,345000.0
4,2.75,3230.0,12651,2.0,0,0,4,8,3230.0,0,2550,12081,409000.0
2,1.0,920.0,5250,1.0,0,0,4,6,920.0,0,1210,5250,200000.0
4,4.5,6640.0,53330,2.0,0,0,3,12,6640.0,0,4620,68625,1820000.0
3,1.75,1560.0,8968,1.0,0,0,4,8,1560.0,0,1990,8034,450000.0
3,2.0,1830.0,3500,1.5,0,0,5,7,1290.0,540,1530,4000,554000.0
3,3.0,1740.0,1100,3.0,0,0,3,8,1740.0,0,1370,1180,590000.0
4,2.75,2870.0,8625,1.0,0,1,4,8,1860.0,1010,2430,8479,700000.0
4,1.75,1710.0,10440,1.0,0,0,4,7,1710.0,0,1480,10440,525000.0
3,2.0,1470.0,16500,1.0,0,0,3,7,1470.0,0,1720,14406,300000.0
3,1.75,1950.0,17400,,0,0,3,7,1210.0,740,1900,17250,484000.0
3,1.5,1560.0,20251,1.0,0,0,5,7,1200.0,360,1560,19119,577000.0
5,3.0,3040.0,6604,2.0,0,0,3,9,3040.0,0,1650,6825,538900.0
2,2.5,2720.0,26761,2.0,1,4,3,7,2720.0,0,1870,12396,985000.0
4,2.5,2290.0,4450,2.0,0,0,3,9,2290.0,0,2570,5096,540000.0
3,1.0,1650.0,10075,1.0,0,0,3,7,1170.0,480,1690,8125,355000.0
5,2.5,3190.0,8160,2.0,0,0,3,9,3190.0,0,1650,8160,865000.0
3,2.5,1940.0,10800,1.0,0,0,3,8,1340.0,600,2080,9600,432500.0
4,2.25,2530.0,9200,1.0,0,0,5,9,1570.0,960,3030,9400,902000.0
3,3.5,3690.0,8837,2.0,0,0,3,10,3690.0,0,3690,9585,725000.0
3,2.5,1680.0,11312,1.0,0,0,3,7,1080.0,600,1390,10700,330000.0
3,2.25,1450.0,1445,2.0,0,0,3,7,980.0,470,1510,1370,482500.0
4,2.25,2210.0,8862,1.0,0,0,4,8,1270.0,940,2030,8862,465000.0
1,1.0,620.0,8685,1.0,0,0,4,5,620.0,0,1300,12150,175000.0
3,3.0,2090.0,7440,1.5,0,0,5,7,1290.0,800,1570,4960,700000.0
4,3.0,2910.0,8540,2.0,0,0,3,9,2910.0,0,3040,6091,701000.0
3,2.5,,12753,2.0,0,0,3,7,2370.0,0,2280,16808,499950.0
3,1.75,1680.0,6108,1.0,0,0,3,8,1680.0,0,2220,5664,366000.0
4,2.5,2240.0,7350,2.0,0,0,3,9,2240.0,0,2200,8017,689000.0
3,2.0,1940.0,6440,1.0,0,2,5,7,970.0,970,1730,4640,651000.0
4,3.5,4870.0,39190,2.0,0,0,3,12,4870.0,0,5000,33880,1840000.0
3,1.5,2100.0,67269,1.0,0,0,4,7,1220.0,880,1610,15999,480000.0
3,2.5,1980.0,39932,2.0,0,0,3,8,1980.0,0,2610,12769,442000.0
4,1.0,1080.0,26114,1.5,0,0,5,5,1080.0,0,1720,20360,275000.0
2,1.5,1050.0,3419,2.0,0,0,3,7,1050.0,0,1050,3417,163500.0
4,2.5,1613.0,4338,2.0,0,0,3,7,1613.0,0,1427,4341,279500.0
4,1.75,2660.0,11315,2.0,0,0,4,8,2660.0,0,1980,11315,557000.0
3,1.75,1540.0,10545,2.0,0,0,4,6,1540.0,0,1540,10000,273000.0
4,2.75,2530.0,7350,1.0,0,0,5,8,1280.0,1250,2280,7350,354950.0
3,3.5,1500.0,1249,2.0,0,0,3,8,1240.0,260,1440,1850,489000.0
4,1.75,2330.0,8364,1.0,0,0,4,8,2330.0,0,2180,9630,390000.0
2,1.0,670.0,6300,1.0,0,0,5,6,670.0,0,760,6300,279000.0
2,1.0,1190.0,6200,1.0,0,0,3,7,1190.0,0,1470,7800,295950.0
5,3.0,3670.0,10583,1.0,0,0,5,8,2060.0,1610,2720,13865,569000.0
3,2.5,3040.0,5326,2.0,0,0,3,9,3040.0,0,3040,5442,500000.0
2,1.0,1380.0,5000,1.5,0,2,3,5,1380.0,0,1500,5000,795000.0
6,3.25,3870.0,24700,2.0,0,0,3,10,2520.0,1350,2360,30030,1130000.0
3,1.0,1280.0,9775,1.0,0,0,3,6,1280.0,0,1230,8750,215000.0
3,1.0,1010.0,9576,1.0,0,0,4,7,1010.0,0,1540,9576,201700.0
3,2.25,1320.0,963,2.0,0,0,3,7,1040.0,280,1300,1285,255000.0
4,2.5,2320.0,5375,2.0,0,0,3,7,2320.0,0,2060,5395,451000.0
2,1.0,1790.0,15783,1.0,0,0,4,8,1360.0,430,1790,7494,560000.0
2,1.0,710.0,4240,1.0,0,0,4,6,710.0,0,850,5200,271000.0
2,1.0,1150.0,6835,1.0,0,1,3,7,1010.0,140,1150,6561,425000.0
3,1.0,1530.0,19007,1.0,0,0,4,8,1290.0,240,2090,20962,439000.0
4,2.5,1830.0,8601,2.0,0,0,3,7,1830.0,0,1830,5184,339000.0
1,1.0,850.0,8050,1.0,0,0,2,6,850.0,0,1590,5180,490000.0
3,1.75,1710.0,7320,1.0,0,0,3,7,1710.0,0,2260,8839,463000.0
3,2.5,2070.0,3599,2.0,0,0,3,8,2070.0,0,2070,6844,575000.0
3,1.0,1170.0,6700,1.0,0,0,3,8,1170.0,0,2410,7620,415000.0
1,2.25,1940.0,2550,2.0,0,0,4,7,1100.0,840,1580,5100,315000.0
5,3.5,3260.0,58806,2.0,0,0,4,8,3260.0,0,1810,17927,568450.0
4,2.5,2480.0,5000,2.0,0,0,3,7,2480.0,0,2410,5000,599000.0
3,3.5,1820.0,1501,2.0,0,0,3,8,1430.0,390,1550,1501,499950.0
1,1.0,660.0,2600,1.0,0,0,3,6,660.0,0,1560,5445,250000.0
1,1.0,670.0,7957,1.0,0,0,4,6,670.0,0,1600,7957,118000.0
3,1.5,1020.0,11410,1.0,0,0,3,7,1020.0,0,1290,8400,255000.0
4,2.25,2160.0,5600,1.0,0,0,5,7,1080.0,1080,1850,5150,756000.0
3,1.75,1220.0,1450,1.0,0,0,3,6,620.0,600,1660,2960,385000.0
4,2.5,2330.0,31705,2.0,0,0,4,8,2330.0,0,2460,36600,630000.0
4,3.5,4270.0,12305,2.0,0,2,3,10,4270.0,0,4190,13137,1160000.0
4,2.5,2450.0,55387,2.0,0,0,3,9,2450.0,0,2730,38827,620000.0
4,2.25,2270.0,9464,1.5,0,0,4,7,1520.0,750,1770,9464,479000.0
4,3.5,4140.0,13392,2.0,0,0,3,11,4140.0,0,4140,11529,950000.0
3,2.25,2540.0,9961,1.0,0,0,4,8,1320.0,1220,1870,10251,299000.0
5,2.0,1940.0,6000,1.0,0,0,5,7,970.0,970,1700,6000,580000.0
6,2.25,2660.0,13579,2.0,0,0,3,7,2660.0,0,1120,8242,730000.0
2,2.5,2320.0,9311,1.0,0,0,3,8,2320.0,0,1680,4765,694000.0
5,2.0,2110.0,7919,1.0,0,0,3,7,1110.0,1000,1590,5250,280000.0
3,2.5,2200.0,34680,2.0,0,0,3,9,2200.0,0,2560,35840,424000.0
3,1.0,1530.0,15975,1.0,0,0,3,7,970.0,560,1540,15975,279000.0
3,1.75,1880.0,12821,1.0,0,0,3,7,1880.0,0,1540,12868,389800.0
3,1.75,2330.0,9652,1.0,0,0,4,8,1590.0,740,2420,9631,680000.0
6,1.75,2490.0,8732,1.5,0,0,4,8,2490.0,0,1840,8024,470000.0
3,3.0,2880.0,3750,2.0,0,0,3,9,2220.0,660,1910,4000,1000000.0
3,2.25,2780.0,31510,2.0,0,0,3,8,2780.0,0,2890,36400,666000.0
4,2.5,2110.0,10100,1.0,0,2,3,8,2110.0,0,2230,10100,981000.0
5,3.5,3230.0,7560,2.0,0,0,3,10,3230.0,0,3230,8580,1080000.0
4,2.5,2320.0,4000,1.5,0,0,5,8,1510.0,810,1490,4500,518000.0
4,3.75,4610.0,40202,1.0,0,0,4,10,2500.0,2110,3050,41056,630000.0
2,2.0,1680.0,5756,2.0,0,0,4,7,1680.0,0,1340,5447,210000.0
4,2.75,2200.0,5207,1.0,0,0,5,7,1120.0,1080,1210,6008,370000.0
4,1.75,1510.0,9176,1.0,0,0,5,7,1510.0,0,1480,9176,402000.0
4,2.5,2330.0,9928,2.0,0,0,3,8,2330.0,0,2430,8175,471000.0
3,2.0,720.0,7598,,0,0,5,6,720.0,0,1080,7209,300000.0
4,1.0,1940.0,9533,1.0,0,0,3,7,1080.0,860,1940,8839,265000.0
2,2.0,1370.0,3827,1.0,0,0,3,7,1020.0,350,1550,5102,535000.0
3,2.5,1470.0,3000,1.0,0,0,3,7,930.0,540,1470,5588,435000.0
3,2.0,1670.0,4572,1.5,0,0,3,8,1670.0,0,1480,4890,585000.0
3,2.5,3420.0,25150,1.0,0,0,4,10,1750.0,1670,2900,19604,789900.0
3,1.75,1670.0,10798,1.0,0,0,4,8,1670.0,0,2290,10798,550000.0
4,2.5,3120.0,7448,2.0,0,0,3,9,3120.0,0,2980,8102,444900.0
2,1.75,1430.0,7921,1.0,0,0,3,7,1430.0,0,1290,8040,350000.0
3,1.75,1380.0,7500,1.0,0,0,3,7,1380.0,0,1530,7500,240000.0
3,2.5,1810.0,4332,2.0,0,0,3,8,1810.0,0,1740,4332,517500.0
3,1.75,2130.0,20423,1.0,0,0,3,9,2130.0,0,2370,20875,667500.0
3,1.0,1330.0,8912,1.0,0,0,3,6,1330.0,0,1200,8913,234999.0
4,3.25,2880.0,35315,1.0,0,0,3,11,2270.0,610,1910,167378,845000.0
3,1.0,1120.0,8549,1.0,0,0,3,7,1120.0,0,1440,8640,750000.0
3,1.75,1570.0,6975,1.0,0,0,3,7,1040.0,530,1280,7813,359950.0
3,2.25,2440.0,47916,2.0,0,0,3,8,2090.0,350,2150,24000,485000.0
2,1.0,960.0,4920,1.0,0,0,3,6,960.0,0,1010,5040,280000.0
4,2.25,2450.0,62290,2.0,0,0,3,8,2450.0,0,2450,41181,510000.0
2,2.5,1700.0,2513,2.0,0,0,3,8,1700.0,0,1760,2891,378000.0
3,1.0,990.0,8840,1.0,0,0,3,6,990.0,0,1120,8625,222000.0
3,1.0,960.0,5512,1.0,0,0,4,6,960.0,0,1090,5837,225000.0
3,1.75,1260.0,15000,1.5,0,0,4,7,1260.0,0,2400,21715,204555.0
4,2.0,1640.0,7200,1.0,0,0,5,6,820.0,820,1640,8200,299999.0
3,1.0,990.0,7520,1.0,0,0,4,7,990.0,0,990,7440,222000.0
5,2.5,2160.0,7737,2.0,0,0,3,7,2160.0,0,2460,7737,480000.0
3,2.5,2250.0,7294,2.0,0,0,3,8,2250.0,0,2140,7363,308900.0
2,1.0,960.0,6700,1.0,0,0,3,7,960.0,0,1350,6700,395000.0
3,2.5,2130.0,3500,1.0,0,0,4,8,1210.0,920,2030,3710,534640.0
4,3.5,4440.0,10660,2.0,0,0,3,11,4440.0,0,4390,9976,1040000.0
3,1.5,1090.0,10454,1.0,0,0,3,6,1090.0,0,1230,12196,200000.0
3,3.0,2350.0,1620,2.0,0,0,3,9,1560.0,790,2000,4380,1200000.0
2,1.0,740.0,9003,1.0,0,0,3,5,740.0,0,1230,8050,157500.0
3,2.5,2680.0,7836,2.0,0,0,3,8,2680.0,0,2340,8040,350000.0
5,3.5,4010.0,8510,2.0,0,1,5,9,2850.0,1160,2610,6128,1400000.0
3,3.0,2500.0,6000,2.0,0,0,3,8,2500.0,0,2130,6000,432500.0
3,3.0,1520.0,4080,2.0,0,0,5,7,1520.0,0,1320,4080,495000.0
3,1.5,1490.0,4400,1.5,0,0,4,7,1490.0,0,1560,4400,670000.0
3,2.5,1981.0,5700,2.0,0,0,3,8,1981.0,0,1981,5894,303700.0
4,2.5,2450.0,27081,2.0,0,0,3,8,2450.0,0,2630,12025,729000.0
4,2.0,1760.0,7800,1.0,0,0,3,8,1760.0,0,1950,7800,690000.0
3,1.75,1300.0,9856,1.0,0,0,4,7,1300.0,0,1400,9600,242000.0
3,2.0,1680.0,8487,1.0,0,0,3,7,1680.0,0,2080,8560,305000.0
3,2.25,1590.0,926,3.0,0,0,3,8,1590.0,0,1640,1321,484950.0
2,1.0,710.0,6732,1.0,0,0,5,6,710.0,0,710,6720,299000.0
1,1.0,1090.0,32010,1.0,0,0,4,6,1090.0,0,1870,25346,598800.0
4,1.75,1400.0,7920,1.0,0,0,3,7,1400.0,0,1910,7700,259950.0
5,3.5,4170.0,9090,2.0,0,0,3,10,4170.0,0,1930,13635,1450000.0
2,1.75,1440.0,5680,1.0,0,0,4,8,1440.0,0,1320,3547,210000.0
6,2.5,3880.0,5700,2.0,0,0,3,7,3880.0,0,2620,5070,635000.0
3,1.75,2290.0,8234,1.0,0,0,4,7,1250.0,1040,1660,7200,367950.0
4,3.5,3040.0,8414,2.0,0,0,3,9,2420.0,620,3470,8066,684000.0
3,2.5,1560.0,4200,2.0,0,0,3,7,1560.0,0,1560,4200,269000.0
3,2.5,2550.0,7200,2.0,0,2,3,10,2550.0,0,2030,3500,1400000.0
3,1.75,2650.0,7378,1.0,0,0,3,7,1460.0,1190,1600,7616,340000.0
3,1.0,1120.0,6625,1.0,0,0,3,6,1120.0,0,1120,6794,228950.0
4,2.5,3520.0,8095,2.0,0,0,3,9,3520.0,0,2460,4676,760000.0
3,1.0,1050.0,5000,1.0,0,0,4,6,1050.0,0,1050,5200,200000.0
4,3.0,2480.0,9238,1.0,0,0,5,7,2050.0,430,1820,12214,455000.0
4,1.75,1900.0,22896,1.5,0,0,3,7,1360.0,540,1300,8960,257000.0
2,1.75,1370.0,5125,1.0,0,0,5,6,1370.0,0,1200,5100,409950.0
3,1.0,1220.0,5038,1.0,0,0,5,6,1220.0,0,1140,5038,250000.0
4,1.75,1630.0,5750,1.0,0,0,3,7,1160.0,470,1640,5750,575000.0
4,2.5,2570.0,8178,1.0,0,2,3,8,1710.0,860,2050,7500,752000.0
4,1.0,1300.0,1651359,1.0,0,3,4,6,1300.0,0,2560,425581,700000.0
2,1.5,1050.0,934,2.0,0,0,3,8,960.0,90,1470,1885,390000.0
4,3.0,4260.0,18687,2.0,0,0,3,11,4260.0,0,3490,16772,1000000.0
4,2.5,1890.0,4158,2.0,0,0,3,8,1890.0,0,2720,4549,311850.0
2,2.5,1700.0,6635,2.0,0,0,4,8,1700.0,0,1700,6635,407000.0
5,3.25,5790.0,12739,2.0,0,3,3,10,4430.0,1360,5790,13928,1750000.0
3,2.25,1490.0,8722,2.0,0,0,3,7,1490.0,0,1510,8061,230000.0
4,2.5,2650.0,6240,2.0,0,0,3,8,2650.0,0,2640,6524,702000.0
3,1.0,910.0,8000,1.0,0,0,4,6,740.0,170,2090,9007,299950.0
5,2.25,2020.0,8400,1.0,0,0,4,7,1010.0,1010,1890,9233,750000.0
3,2.0,1870.0,5909,1.0,0,0,3,7,1270.0,600,1870,7887,259000.0
2,1.0,,3700,1.0,0,0,3,6,800.0,200,1270,5000,257000.0
3,1.5,1140.0,10300,1.5,0,0,4,6,1140.0,0,1250,9975,234000.0
4,2.5,2180.0,4000,2.0,0,0,3,8,2180.0,0,2660,4000,825000.0
3,2.5,2250.0,7752,2.0,0,0,4,8,2250.0,0,2080,7033,550000.0
4,2.75,3010.0,6854,2.0,0,2,3,9,2570.0,440,1830,2952,625000.0
3,2.0,1430.0,12430,1.0,0,0,4,7,1430.0,0,1200,8250,305000.0
4,2.5,2350.0,5100,2.0,0,0,3,8,2350.0,0,2190,5100,399950.0
3,1.75,1100.0,8662,1.0,0,0,5,7,1100.0,0,1100,9240,421000.0
4,2.5,1770.0,13168,,0,0,3,7,1770.0,0,2050,14859,455000.0
2,1.0,670.0,4640,1.0,0,0,3,6,670.0,0,870,4501,250000.0
3,2.25,1420.0,6600,1.0,0,0,3,7,1160.0,260,1920,7902,364000.0
3,2.5,2280.0,213879,2.0,0,0,3,8,2280.0,0,2380,178160,364250.0
4,2.5,1940.0,3200,2.0,0,0,3,8,1940.0,0,1900,3200,380000.0
3,2.5,2380.0,5017,2.0,0,0,3,9,2380.0,0,2670,6066,652100.0
3,2.0,1400.0,8640,1.0,0,0,5,7,1400.0,0,1270,9375,253400.0
4,1.75,1570.0,7650,1.0,0,0,3,7,1100.0,470,1580,7650,430000.0
5,3.5,2690.0,4800,2.0,0,2,3,8,1930.0,760,2080,4900,690000.0
4,1.0,1620.0,4080,1.5,0,0,3,7,1620.0,0,1760,4080,485000.0
3,2.25,1680.0,7262,1.0,0,0,5,7,1180.0,500,1910,7405,530000.0
3,2.25,2010.0,7447,2.0,0,0,3,8,2010.0,0,2230,7846,500000.0
4,1.0,1540.0,7350,1.0,0,0,4,6,770.0,770,910,8000,160000.0
2,1.5,1090.0,847,3.0,0,0,3,8,1090.0,0,1090,1118,319000.0
4,2.5,2963.0,5797,2.0,0,0,3,9,2963.0,0,2665,6119,325000.0
3,2.25,3070.0,9645,2.0,0,0,3,10,2110.0,960,3130,9450,1200000.0
4,1.75,2780.0,9900,2.0,0,0,4,10,2780.0,0,2600,12000,660000.0
4,2.5,2200.0,5730,2.0,0,0,3,8,2200.0,0,2200,5772,299900.0
5,2.5,2870.0,16238,2.0,0,0,4,8,2870.0,0,2870,16238,1560000.0
2,1.0,840.0,10465,1.0,0,0,3,6,840.0,0,1320,8515,295000.0
4,2.5,1790.0,4358,2.0,0,0,3,7,1790.0,0,1790,4305,260000.0
5,2.75,3130.0,9450,1.0,0,0,4,8,1580.0,1550,1900,9000,302300.0
3,2.5,2460.0,4399,2.0,0,0,3,7,2460.0,0,2060,4399,440500.0
4,2.0,2790.0,8793,1.0,0,0,4,8,1640.0,1150,2400,9286,723000.0
5,2.5,1690.0,2402,1.5,0,0,3,7,990.0,700,1200,4005,515000.0
3,3.75,2050.0,6000,2.0,0,0,5,7,1550.0,500,1780,4000,645000.0
5,2.5,2090.0,8712,1.0,0,0,3,8,1420.0,670,2490,8712,555000.0
5,2.0,1380.0,4300,1.5,0,0,3,7,1380.0,0,1830,3800,462000.0
5,1.75,2220.0,6000,1.5,0,0,3,7,1420.0,800,1550,1715,607500.0
3,1.75,1360.0,13320,1.0,0,0,4,7,1360.0,0,1580,13625,329950.0
4,2.5,2920.0,32219,2.0,0,0,5,10,2920.0,0,3420,37206,795000.0
3,1.75,1620.0,7330,1.0,0,0,4,7,1090.0,530,1380,7191,459000.0
2,1.75,1400.0,4720,1.0,0,0,4,7,820.0,580,1330,6786,483000.0
3,3.0,2940.0,4622,2.0,0,0,4,9,2230.0,710,1580,4000,1070000.0
3,2.5,2540.0,4260,2.0,0,0,3,7,2540.0,0,2190,4260,325000.0
5,3.0,2240.0,19090,1.0,0,0,4,8,1700.0,540,2280,20000,335500.0
4,1.75,1680.0,7800,1.0,0,0,3,7,1330.0,350,1680,7210,451000.0
5,1.75,2360.0,6150,1.0,0,0,5,7,1180.0,1180,2100,5500,871000.0
4,2.25,2500.0,10890,1.0,0,0,5,7,1800.0,700,2500,7467,488000.0
5,2.75,3330.0,12408,1.0,0,0,3,10,1740.0,1590,2780,12000,750000.0
4,2.5,2480.0,91911,1.0,0,2,4,7,1470.0,1010,2540,91911,495000.0
3,2.25,2880.0,7200,1.0,0,0,3,8,1710.0,1170,1880,10200,499950.0
3,2.0,1410.0,10248,1.0,0,0,3,7,1410.0,0,2090,9414,271920.0
4,2.75,2640.0,6240,2.0,0,0,3,9,2640.0,0,2640,5898,650000.0
3,2.5,1670.0,8364,1.0,0,0,4,7,1300.0,370,1490,8143,270000.0
4,2.25,3133.0,16197,2.0,0,0,3,9,2533.0,600,3090,15588,685000.0
4,3.25,3770.0,4103,2.0,0,0,5,9,2710.0,1060,2560,4160,1450000.0
4,1.75,2510.0,5800,1.0,0,2,4,9,1830.0,680,2190,5800,880000.0
3,2.5,2170.0,5500,2.0,0,0,3,8,2170.0,0,2170,5862,606500.0
3,1.75,1490.0,3840,2.0,0,0,3,8,1490.0,0,3450,8500,835000.0
4,2.5,2110.0,13850,2.0,0,0,3,9,2110.0,0,2520,10194,606000.0
2,1.0,940.0,8384,1.0,0,0,3,5,940.0,0,1290,8384,121800.0
4,2.5,2240.0,4800,2.0,0,0,3,8,2240.0,0,2240,5040,331210.0
4,2.75,2990.0,6626,2.0,0,0,3,9,2990.0,0,2910,5533,814950.0
2,1.0,1060.0,3040,1.0,0,0,3,7,860.0,200,1470,3814,480000.0
3,0.75,1240.0,4000,1.0,0,0,4,7,1240.0,0,1460,4000,699999.0
3,2.75,2020.0,10744,1.0,0,0,5,7,1270.0,750,2020,11069,519000.0
6,2.5,2270.0,11970,1.0,0,0,3,7,1470.0,800,2270,10640,435000.0
5,2.0,1910.0,5508,1.0,0,0,3,7,1020.0,890,1030,7440,485000.0
3,2.0,1750.0,2550,1.0,0,0,3,7,1750.0,0,1370,1533,410000.0
3,1.5,1380.0,3031,1.5,0,0,4,7,1380.0,0,1440,4005,549900.0
5,2.5,2710.0,14989,,0,0,3,8,1720.0,990,3180,16624,1190000.0
3,2.5,1990.0,20466,1.5,0,0,4,8,1410.0,580,1660,93393,345000.0
4,2.5,1910.0,7201,1.0,0,0,3,7,1210.0,700,1690,7554,340000.0
3,1.75,1850.0,6869,1.0,0,2,5,6,1100.0,750,1850,10096,459950.0
5,1.75,2250.0,13526,1.0,0,1,3,8,1350.0,900,2580,10078,688000.0
4,1.75,1440.0,4300,1.5,0,0,4,8,1290.0,150,1640,5000,656000.0
4,2.75,2140.0,9920,2.0,0,0,3,8,2140.0,0,2130,9920,354450.0
4,1.0,1320.0,4440,1.5,0,0,3,7,1320.0,0,1260,4440,387500.0
4,2.0,2070.0,10800,2.0,0,0,3,7,2070.0,0,1880,10800,400000.0
5,4.75,5990.0,10450,2.0,1,4,3,11,4050.0,1940,3330,14810,2200000.0
5,1.5,1550.0,9750,1.0,0,0,4,7,1550.0,0,1970,9750,510000.0
6,2.75,2980.0,5000,1.5,0,0,3,7,2480.0,500,1470,5000,775000.0
3,2.5,2110.0,4038,2.0,0,0,4,8,2110.0,0,2110,3727,355000.0
3,3.25,1530.0,1602,2.0,0,0,3,8,1140.0,390,1450,1198,320000.0
4,1.75,2700.0,7625,1.0,0,0,4,8,1450.0,1250,1760,3300,710000.0
3,1.0,1020.0,5870,1.0,0,0,3,6,1020.0,0,1160,6901,242500.0
3,2.5,2420.0,4725,2.0,0,0,3,8,2420.0,0,2370,4200,367899.0
3,2.0,1080.0,9225,1.0,0,0,2,7,1080.0,0,1410,9840,147400.0
5,1.75,1710.0,11900,1.0,0,0,3,7,1070.0,640,1030,10360,319950.0
3,2.25,2450.0,49658,1.0,0,0,3,7,1770.0,680,1340,121097,325000.0
4,3.0,2240.0,8504,2.0,0,0,3,7,2240.0,0,1570,8460,337000.0
4,3.0,2120.0,13000,2.0,0,0,4,8,2120.0,0,2180,11440,385000.0
4,2.5,2810.0,10951,2.0,0,0,3,8,2810.0,0,1680,6625,395000.0
2,2.0,1050.0,1173,2.0,0,0,3,8,720.0,330,1340,1317,400000.0
3,2.25,2610.0,3357,2.0,0,0,4,7,1980.0,630,1940,3357,1050000.0
3,2.5,1800.0,14036,2.0,0,0,3,8,1800.0,0,2450,14025,425000.0
5,3.0,3290.0,14134,1.0,0,0,3,7,1870.0,1420,1970,11470,695000.0
5,2.25,2240.0,5500,1.0,0,0,3,7,1490.0,750,2010,6050,480000.0
4,3.0,2920.0,33976,1.0,0,3,5,8,1460.0,1460,2970,15210,1050000.0
2,1.0,1040.0,4172,1.0,0,0,3,7,1040.0,0,3120,4800,370000.0
4,2.75,2970.0,12750,1.5,0,1,4,7,2130.0,840,1980,15300,1570000.0
4,2.75,2790.0,8092,2.0,0,0,3,8,2790.0,0,2790,6154,505657.0
3,2.75,1960.0,2500,1.5,0,0,5,7,1410.0,550,2040,5000,599000.0
4,1.0,1060.0,7200,1.0,0,1,3,6,880.0,180,1910,7200,510000.0
4,2.25,2680.0,4673,2.0,0,0,3,7,2680.0,0,2460,4645,475000.0
2,1.0,950.0,9000,1.0,0,0,3,6,950.0,0,1000,8280,193000.0
6,2.25,2820.0,15600,1.5,0,2,5,7,1970.0,850,2520,7797,543200.0
3,2.5,2820.0,7200,1.0,0,3,3,9,1780.0,1040,2300,7200,705000.0
4,2.5,3220.0,5262,2.0,0,0,3,9,3220.0,0,3220,4921,825000.0
2,1.75,1320.0,3420,1.0,0,1,3,7,1080.0,240,2070,6000,475000.0
3,1.75,1200.0,9266,1.0,0,0,4,7,1200.0,0,1200,9266,235000.0
2,1.5,870.0,747,2.0,0,0,3,8,800.0,70,1710,1280,313000.0
4,2.25,3550.0,13900,1.0,0,0,3,8,1830.0,1720,2770,12200,859000.0
3,2.5,2130.0,219978,2.0,0,0,3,8,2130.0,0,3340,217800,515000.0
3,1.5,1450.0,6875,1.0,0,0,4,7,1450.0,0,1270,8000,249950.0
2,2.5,2540.0,7089,,0,0,3,9,2540.0,0,1330,7089,945000.0
3,1.75,1540.0,3000,1.0,0,2,3,7,770.0,770,1420,4200,512031.0
4,1.75,2860.0,48351,1.0,0,0,3,8,1710.0,1150,2460,43560,583500.0
3,2.5,2150.0,14092,2.0,0,0,3,8,2150.0,0,2400,10699,360000.0
4,2.75,2530.0,11549,1.0,0,0,3,7,1700.0,830,2530,10000,525000.0
4,1.75,1600.0,6380,1.0,0,0,3,8,1130.0,470,1090,6380,495000.0
4,2.75,2020.0,2750,1.0,0,0,3,8,1010.0,1010,1840,4000,599000.0
3,1.0,1140.0,27760,1.0,0,0,4,6,1140.0,0,1690,87300,243800.0
4,2.25,2820.0,16770,1.0,0,0,4,8,1920.0,900,2320,13850,321027.0
3,3.25,1860.0,1787,3.0,0,0,3,8,1860.0,0,1830,1787,379950.0
4,2.5,2570.0,22215,2.0,0,0,5,7,2570.0,0,2460,6533,390000.0
4,2.25,1830.0,9485,1.0,0,0,4,7,1200.0,630,1730,10109,236000.0
3,1.75,1810.0,5733,1.0,0,0,4,7,1010.0,800,1260,4680,515000.0
3,1.5,1760.0,6723,1.0,0,0,3,7,1160.0,600,2080,8965,470000.0
4,2.5,2580.0,3943,2.0,0,0,3,8,2580.0,0,1700,5772,899000.0
3,2.0,2360.0,5737,2.0,0,0,3,8,2360.0,0,1600,9163,390000.0
4,3.25,4400.0,186846,2.0,0,0,4,9,4400.0,0,2280,186846,687000.0
3,2.25,2190.0,8188,2.0,0,0,3,8,1810.0,380,2190,8374,580000.0
4,2.5,3340.0,6924,2.0,0,0,3,8,3340.0,0,3030,6119,576000.0
6,3.75,2770.0,5000,1.0,0,0,3,8,1870.0,900,1570,2108,890000.0
2,2.5,1340.0,999,2.0,0,0,3,8,940.0,400,1470,1436,407000.0
4,2.0,1750.0,8116,1.0,0,0,4,5,1750.0,0,1440,7865,199500.0
4,1.75,1980.0,7350,1.0,0,0,3,7,1430.0,550,1870,7920,450000.0
3,2.5,2040.0,3810,2.0,0,0,3,8,2040.0,0,2370,4590,208633.0
3,1.75,1760.0,11371,1.0,0,0,5,8,1760.0,0,2220,19884,455000.0
4,3.0,2620.0,35124,2.0,0,0,3,9,,0,2920,35807,443000.0
3,1.0,1370.0,5250,1.0,0,0,3,7,1070.0,300,2410,4200,655000.0
4,3.5,3390.0,3979,2.0,0,0,3,9,2610.0,780,3350,4165,1050000.0
4,2.5,2810.0,11120,2.0,0,0,3,9,2810.0,0,3100,12672,675000.0
3,2.5,2720.0,6014,2.0,0,0,3,7,2720.0,0,2760,6537,299900.0
4,1.75,1700.0,40973,1.0,0,0,3,8,1700.0,0,2760,40973,334950.0
4,2.75,2730.0,3560,1.5,0,0,3,8,1550.0,1180,1860,3560,885000.0
4,2.25,2340.0,5250,2.0,0,0,5,7,2340.0,0,1540,5250,305000.0
3,2.75,3060.0,13554,2.0,0,0,3,10,3060.0,0,3060,11455,864000.0
5,3.25,5210.0,35765,2.5,0,4,5,10,4940.0,270,2590,10250,2200000.0
2,1.0,1220.0,2500,1.0,0,0,3,6,770.0,450,1540,3000,255000.0
7,3.5,2870.0,29699,1.0,0,0,3,7,1520.0,1350,1380,7555,475000.0
2,2.0,1450.0,2272,1.0,0,0,4,6,750.0,700,2170,4370,524000.0
3,1.0,1190.0,9000,1.0,0,0,3,7,1190.0,0,1960,7200,268300.0
4,3.0,2760.0,13113,1.0,0,0,4,8,1760.0,1000,1900,13113,550000.0
3,2.5,2000.0,6341,1.0,0,0,5,8,1040.0,960,2030,6341,625000.0
3,2.5,2320.0,6775,1.0,0,0,3,8,2320.0,0,1680,4750,728050.0
3,1.0,1830.0,12036,1.0,0,0,3,7,1550.0,280,1810,12036,347500.0
3,2.0,1550.0,2401,2.0,0,0,3,7,1550.0,0,1550,3446,440000.0
3,2.0,1530.0,5401,1.0,0,0,4,7,1530.0,0,1640,5467,570000.0
4,3.5,3270.0,15160,1.0,0,2,3,8,1660.0,1610,2790,15160,600000.0
2,2.0,1650.0,8975,1.0,0,0,5,6,1650.0,0,1260,8668,265000.0
4,2.75,3130.0,21810,2.0,0,0,4,10,3130.0,0,3330,21810,840000.0
3,3.5,4080.0,217697,1.5,0,3,3,10,4080.0,0,2710,217790,900000.0
3,2.5,3150.0,20189,2.0,0,0,3,10,3150.0,0,2920,20612,570000.0
3,1.75,1760.0,7482,1.0,0,0,4,8,1760.0,0,2000,7500,264000.0
3,2.25,1610.0,11920,1.0,0,0,4,7,1110.0,500,1690,11839,277000.0
4,2.5,2960.0,4760,2.0,0,0,3,8,2160.0,800,1600,4760,1020000.0
3,1.75,1940.0,7313,1.0,0,1,4,8,1440.0,500,2160,7200,685000.0
3,1.75,2190.0,6450,1.0,0,0,3,8,1480.0,710,2190,6450,765000.0
4,2.25,1940.0,9144,1.0,0,0,4,7,1430.0,510,1460,9437,495000.0
3,1.0,1410.0,4840,1.0,0,2,4,6,1230.0,180,1410,5400,650000.0
3,1.75,1995.0,18360,2.0,0,0,3,7,1995.0,0,1980,13640,271500.0
4,2.5,2440.0,11700,1.0,0,0,5,8,1480.0,960,2140,10807,689000.0
4,2.25,2510.0,133729,2.0,0,0,4,8,2510.0,0,2510,69696,788500.0
3,2.5,1670.0,3565,,0,0,3,7,1670.0,0,1510,3770,373000.0
3,2.25,3340.0,13805,1.0,0,0,3,8,3340.0,0,2060,12304,670000.0
4,1.75,1450.0,8450,1.0,0,0,3,7,1450.0,0,1540,8450,362500.0
3,1.5,2240.0,5300,1.0,0,0,5,7,1120.0,1120,1740,7110,635000.0
5,3.75,4220.0,9240,2.0,0,2,5,11,3420.0,800,3380,9240,1580000.0
3,1.75,1490.0,11360,1.0,0,0,3,8,1490.0,0,2350,10320,490000.0
1,1.0,920.0,5000,1.0,0,3,4,7,920.0,0,1890,5000,535000.0
4,3.25,3250.0,5478,2.0,0,0,3,9,3250.0,0,3250,5482,699188.0
3,1.0,1480.0,7374,1.0,0,0,3,6,760.0,720,1480,8934,270000.0
2,2.5,1170.0,1394,2.0,0,0,3,8,1170.0,0,1250,3136,387000.0
3,1.75,2450.0,9377,1.0,0,2,4,8,1540.0,910,2520,9725,687500.0
3,2.5,1390.0,4997,2.0,0,0,3,7,1390.0,0,2340,4125,440000.0
3,1.0,1480.0,6978,2.0,0,0,4,8,1480.0,0,2660,13062,899000.0
3,2.0,1900.0,9975,1.0,0,0,3,8,1500.0,400,2140,9825,545000.0
3,2.0,1690.0,9516,1.0,0,0,3,7,1690.0,0,1850,9516,265000.0
4,2.5,3070.0,8086,2.0,0,0,3,10,3070.0,0,3320,10738,804100.0
3,3.0,1820.0,1641,3.0,0,0,3,8,1540.0,280,1720,1501,625000.0
2,1.5,1160.0,1269,2.0,0,0,3,7,970.0,190,1700,3150,453000.0
3,3.0,1430.0,1249,3.0,0,0,3,8,1430.0,0,1020,1112,335000.0
2,1.0,2230.0,11472,2.0,0,0,3,7,2230.0,0,1870,8649,426000.0
3,1.5,1480.0,6752,1.0,0,0,4,7,1480.0,0,1450,8023,307150.0
4,2.5,2760.0,6000,2.0,0,0,5,7,2230.0,530,1600,6000,760000.0
4,2.5,3020.0,17810,1.0,0,0,3,9,1600.0,1420,2500,15815,575000.0
6,4.5,4800.0,9097,2.0,0,0,3,10,,1220,2180,6037,1980000.0
3,1.0,1400.0,8451,1.5,0,0,3,7,1400.0,0,1590,8433,348125.0
3,1.75,1830.0,9425,1.0,0,0,3,8,1590.0,240,1670,8430,350000.0
3,2.0,2010.0,7017,2.0,0,3,3,7,2010.0,0,2450,6045,775000.0
3,1.5,2240.0,3800,2.0,0,0,3,8,,870,1690,4275,510000.0
3,1.75,1790.0,7650,1.0,0,3,3,9,1790.0,0,2540,7600,299950.0
3,2.75,3010.0,1842,2.0,0,0,3,9,3010.0,0,2950,4200,785000.0
4,2.25,3410.0,57063,2.0,0,0,4,8,2410.0,1000,2870,145490,471000.0
5,3.25,4860.0,23723,2.0,0,2,4,11,3820.0,1040,4040,13860,1680000.0
3,1.0,1380.0,7470,1.0,0,0,5,7,1380.0,0,1440,7473,335000.0
3,1.5,1730.0,9509,2.0,0,0,3,8,1270.0,460,1810,8795,563000.0
4,1.75,2640.0,8215,1.0,0,0,4,7,1500.0,1140,2070,7875,650000.0
3,2.0,1020.0,1204,2.0,0,0,3,7,720.0,300,1360,1506,238000.0
3,1.5,1270.0,2356,2.0,0,0,3,7,1270.0,0,1490,2175,160797.0
4,2.5,2030.0,7210,1.0,0,0,5,7,1330.0,700,1980,7560,365000.0
3,1.0,1450.0,4000,1.0,0,1,4,8,950.0,500,1880,4000,525000.0
4,1.0,1820.0,5500,1.5,0,0,3,6,1820.0,0,1140,5500,367000.0
3,1.5,2140.0,3600,2.0,0,0,3,9,1900.0,240,2020,4800,940000.0
3,2.5,2970.0,11985,1.0,0,0,3,9,1770.0,1200,2990,12049,525000.0
3,2.5,2490.0,5978,2.0,0,0,3,9,2490.0,0,2710,6629,645000.0
4,2.75,2500.0,20000,1.0,0,0,4,8,1700.0,800,2650,20000,950000.0
4,2.5,1960.0,7230,2.0,0,0,3,8,1960.0,0,1850,7208,269950.0
5,2.25,1750.0,5000,1.0,0,0,3,8,960.0,790,2580,5000,758800.0
4,3.75,4100.0,61419,2.0,0,0,3,9,4100.0,0,2010,32362,1350000.0
5,2.25,2530.0,8250,2.0,0,0,4,7,2530.0,0,2020,8250,527500.0
3,2.0,1510.0,3000,1.0,0,0,4,7,910.0,600,1620,4000,489000.0
2,1.5,1310.0,1264,2.0,0,0,3,8,1120.0,190,1330,1265,450000.0
3,1.5,2200.0,5000,1.5,0,0,3,9,2200.0,0,2860,5000,924000.0
4,2.75,2110.0,13260,1.0,0,0,4,7,1290.0,820,1980,11016,320000.0
4,2.5,2810.0,6146,2.0,0,0,3,9,2810.0,0,2810,6180,301000.0
4,2.5,2160.0,8755,2.0,0,0,3,7,2160.0,0,1990,7971,312500.0
3,1.0,1090.0,6435,1.0,0,0,4,7,1090.0,0,1340,6435,365000.0
3,1.5,1110.0,10296,1.0,0,0,5,7,1110.0,0,1330,10296,255000.0
3,2.0,1010.0,7380,1.0,0,0,3,7,1010.0,0,1650,9030,385000.0
3,2.0,,13418,1.0,0,0,3,8,1430.0,870,2140,9380,610000.0
3,2.75,1620.0,7500,1.0,0,0,5,7,1140.0,480,1900,7500,560000.0
4,2.5,2710.0,35868,2.0,0,0,3,9,2710.0,0,2780,36224,482000.0
3,1.0,1270.0,7500,1.0,0,0,3,6,1270.0,0,1250,8000,196900.0
3,2.0,1720.0,128066,1.0,0,0,3,7,1720.0,0,2360,111078,427000.0
3,1.5,1150.0,27319,1.0,0,0,4,6,1150.0,0,1700,30691,358000.0
3,1.0,1330.0,45738,2.0,0,0,2,6,1330.0,0,1490,24000,235000.0
4,2.75,2810.0,5046,2.0,0,0,3,9,2810.0,0,3060,4934,531155.0
5,2.0,2300.0,7897,2.5,0,0,4,8,2300.0,0,2030,7902,500000.0
4,2.5,2050.0,8424,2.0,0,0,4,8,2050.0,0,1970,8448,320000.0
3,2.0,1840.0,8580,1.0,0,0,3,8,1840.0,0,2190,8580,380000.0
3,1.75,1420.0,7920,1.0,0,0,4,7,1420.0,0,1420,7920,235000.0
3,2.5,2860.0,4442,2.0,0,0,3,8,,0,1440,4400,799000.0
2,1.0,860.0,5000,1.0,0,0,3,6,860.0,0,1220,5000,256000.0
3,1.5,1500.0,11616,1.0,0,0,3,7,1100.0,400,1830,8288,230000.0
4,1.0,1700.0,7689,1.0,0,0,3,7,1080.0,620,1700,7333,456000.0
3,1.75,1720.0,5956,2.0,0,0,3,8,1720.0,0,1620,9324,575000.0
3,1.0,1150.0,7486,1.0,0,0,3,7,1150.0,0,1510,7486,325000.0
3,3.25,3610.0,59677,2.0,0,0,3,10,2440.0,1170,3130,65775,777000.0
4,2.5,3160.0,8281,2.0,0,0,4,9,3160.0,0,3000,8281,1130000.0
3,2.0,2440.0,23512,1.0,0,0,3,6,1640.0,800,1630,19613,338000.0
5,3.0,2710.0,8227,1.0,0,2,3,8,1910.0,800,2060,5400,951250.0
3,2.5,1730.0,8490,1.0,0,0,3,7,1210.0,520,1870,7400,460000.0
3,1.75,1290.0,7205,1.5,0,0,3,7,1290.0,0,1340,7214,365000.0
4,2.5,2050.0,5787,2.0,0,0,3,7,2050.0,0,2030,6615,256000.0
4,3.5,3065.0,5440,3.0,0,0,3,9,3065.0,0,2210,8400,729000.0
4,2.75,2540.0,4400,1.5,0,0,5,7,1630.0,910,1560,3920,696500.0
3,1.0,960.0,27442,1.0,0,0,4,6,960.0,0,1100,29019,137124.0
4,1.0,1130.0,13927,1.5,0,0,3,6,1130.0,0,1800,8274,182200.0
4,2.5,2400.0,9612,1.0,0,0,3,8,1230.0,1170,2430,5539,500012.0
4,2.0,2190.0,3622,1.5,0,0,5,8,1990.0,200,1450,3082,625000.0
3,2.25,1840.0,6214,1.0,0,0,4,7,1270.0,570,1840,6214,285000.0
3,2.25,1850.0,4050,2.0,0,0,4,7,1850.0,0,1650,4468,445000.0
4,3.5,3370.0,435600,2.0,0,3,3,9,3370.0,0,2790,114868,480000.0
3,2.5,2680.0,28243,2.0,0,0,3,9,2680.0,0,2670,32130,660000.0
3,2.5,2410.0,7225,2.0,0,0,3,8,2410.0,0,1940,8347,614905.0
2,1.0,710.0,5120,1.0,0,0,3,6,710.0,0,1150,1252,216000.0
3,2.25,2180.0,7741,2.0,0,0,3,9,2180.0,0,2300,8581,621138.0
4,1.0,980.0,3000,1.5,0,0,4,7,980.0,0,1525,3000,295000.0
3,2.5,2620.0,8403,2.0,0,0,3,8,2620.0,0,2190,7842,408000.0
3,1.75,3400.0,46382,1.0,0,0,3,7,2050.0,1350,2320,20624,340000.0
6,4.0,3180.0,6551,2.0,0,0,3,9,3180.0,0,3230,7602,859950.0
4,3.0,1780.0,7260,1.0,0,0,4,8,1780.0,0,1810,7920,538200.0
3,1.5,1090.0,5003,1.0,0,0,3,7,1090.0,0,1540,5279,350000.0
5,2.5,2830.0,25958,1.0,0,1,5,8,1610.0,1220,2670,21567,700000.0
5,2.5,3150.0,9134,1.0,0,0,4,8,1640.0,1510,1990,9133,345000.0
4,2.75,,11900,1.0,0,3,4,9,1640.0,1200,2790,10070,790000.0
3,2.25,2120.0,3400,2.0,0,0,3,7,2120.0,0,2420,3400,289500.0
5,2.75,2810.0,13144,1.0,0,0,3,8,1440.0,1370,2480,13144,555000.0
4,2.75,3430.0,8000,1.5,0,0,4,8,3430.0,0,2090,8000,367999.0
4,2.5,2672.0,4297,2.0,0,0,3,8,2020.0,652,1720,6120,700000.0
4,2.5,2170.0,204296,1.0,0,0,4,7,2170.0,0,1760,154202,400000.0
2,1.75,2060.0,7192,1.0,0,0,3,7,1420.0,640,1860,7140,457000.0
3,2.5,1322.0,6006,2.0,0,0,3,7,1322.0,0,1440,6796,215000.0
3,1.0,1210.0,9730,1.0,0,0,4,7,1210.0,0,1470,9730,310000.0
4,1.75,2250.0,292288,1.0,0,0,4,7,2250.0,0,1550,23798,411000.0
3,2.25,,3500,1.5,0,0,5,8,1540.0,300,1800,3300,785200.0
3,1.75,2040.0,42693,1.0,0,2,3,10,2040.0,0,2640,11957,1320000.0
2,1.0,940.0,6350,1.0,0,0,4,5,940.0,0,1490,6350,283000.0
2,1.0,790.0,5240,1.0,0,0,4,6,790.0,0,1430,5320,299800.0
3,2.5,1650.0,13816,2.0,0,0,3,7,1650.0,0,1630,18750,334999.0
3,2.0,2110.0,5800,1.5,0,0,4,7,1990.0,120,1620,4300,725000.0
3,2.5,2080.0,4307,2.0,0,0,3,7,2080.0,0,2080,4947,368000.0
4,2.25,1610.0,3560,2.0,0,0,3,7,1610.0,0,1760,3692,288000.0
3,2.0,1460.0,7860,1.0,0,0,5,7,1460.0,0,1850,8148,480000.0
4,3.25,2840.0,54400,1.0,0,0,4,8,2840.0,0,2550,43560,713000.0
4,2.5,3200.0,22651,1.0,0,0,5,8,1610.0,1590,2030,5500,385000.0
3,2.25,2070.0,7207,1.0,0,0,3,8,1720.0,350,2350,7980,535100.0
3,1.75,1170.0,8182,1.0,0,0,3,7,1170.0,0,1610,8183,352500.0
5,2.5,3200.0,17204,1.0,0,0,3,7,2160.0,1040,4090,15732,1270000.0
3,2.0,1680.0,8080,1.0,0,0,3,8,1680.0,0,1800,7503,510000.0
3,1.5,1740.0,9840,1.0,0,0,4,8,1740.0,0,1930,9840,616000.0
2,2.25,1060.0,925,2.0,0,0,3,8,980.0,80,1020,4000,475000.0
4,2.0,1600.0,6861,1.0,0,0,3,7,1600.0,0,1870,7455,280000.0
3,3.0,3760.0,8500,2.5,0,3,4,10,3060.0,700,2610,5500,1250000.0
4,2.5,2300.0,22445,2.0,0,0,4,8,2300.0,0,2640,21886,498000.0
3,2.5,2020.0,1159,3.0,0,3,3,8,2020.0,0,1920,3600,720000.0
4,4.25,4645.0,7757,2.0,0,0,3,10,3855.0,790,2150,6970,1600000.0
6,3.25,4920.0,20590,1.0,0,3,4,9,2730.0,2190,3700,14994,850000.0
3,3.0,1520.0,7500,1.0,0,0,3,7,1180.0,340,2080,8000,460000.0
2,3.25,1400.0,1243,3.0,0,0,3,8,1400.0,0,1400,1335,474800.0
1,2.5,1980.0,7521,1.0,0,0,4,7,1180.0,800,1980,8000,299000.0
3,1.0,1100.0,8138,1.0,0,0,3,7,1100.0,0,1440,8131,241450.0
3,2.75,2280.0,4280,1.0,0,0,5,7,1280.0,1000,1650,4280,875000.0
3,2.5,1710.0,12677,2.0,0,0,3,8,1710.0,0,1610,12160,431000.0
3,3.5,1810.0,1846,2.0,0,0,4,8,1440.0,370,1480,3600,625000.0
3,1.0,930.0,9900,1.5,0,0,4,5,930.0,0,930,7200,176500.0
4,1.5,1790.0,4080,1.5,0,0,5,7,1790.0,0,1710,4080,704300.0
4,1.5,1610.0,6923,1.0,0,0,3,6,1010.0,600,1320,7684,275000.0
4,2.75,3470.0,212639,2.0,0,0,3,7,2070.0,1400,2370,233917,598600.0
4,1.75,1500.0,8400,1.0,0,0,3,7,1200.0,300,1780,9913,289950.0
4,3.5,3450.0,6873,2.0,0,0,3,10,2750.0,700,3450,6873,590000.0
3,2.25,1520.0,1221,3.0,0,0,3,8,1520.0,0,1550,4750,565000.0
3,1.0,1220.0,3400,1.0,0,0,3,7,1060.0,160,1350,3750,500000.0
5,2.5,1720.0,10202,1.5,0,0,3,7,1720.0,0,1720,8478,339000.0
4,2.5,2708.0,4772,2.0,0,0,3,9,2708.0,0,2502,4900,436952.0
4,4.5,4300.0,19844,2.0,0,0,3,11,4300.0,0,3070,19845,2500000.0
4,2.5,3200.0,3600,3.0,0,3,4,9,2600.0,600,2490,4080,1450000.0
4,3.25,3860.0,7199,2.0,0,1,3,9,2870.0,990,2940,9600,1500000.0
3,1.75,1210.0,8864,1.0,0,0,3,7,1210.0,0,1510,8062,244500.0
3,2.5,2080.0,9612,1.0,0,3,4,8,1700.0,380,2560,10202,689000.0
3,1.5,1710.0,5120,2.0,0,0,4,7,1710.0,0,1530,5170,747000.0
3,1.75,1800.0,5102,1.0,0,0,3,7,1170.0,630,1720,5102,655000.0
4,4.5,3720.0,7746,2.0,0,0,3,10,3720.0,0,3080,11067,960000.0
3,2.5,1980.0,3128,2.0,0,0,3,8,1890.0,90,2160,2240,615000.0
3,2.5,3560.0,11448,2.0,0,0,3,11,3560.0,0,3290,11506,843500.0
3,3.25,1320.0,1327,2.0,0,0,3,8,1040.0,280,1440,1263,385000.0
4,1.0,1290.0,5000,1.5,0,0,3,7,1290.0,0,1440,2500,275500.0
3,1.75,1980.0,9220,2.0,0,0,3,8,1980.0,0,2080,8305,297300.0
2,1.0,970.0,3279,2.0,0,0,3,7,790.0,180,1150,1351,302860.0
4,2.5,2770.0,7800,2.0,0,0,3,10,2770.0,0,2720,10000,1200000.0
2,1.0,930.0,5000,1.0,0,3,3,7,930.0,0,1760,5228,700000.0
3,1.5,1280.0,4720,1.0,0,0,4,7,850.0,430,1280,4720,465000.0
5,3.5,3190.0,4247,2.0,0,0,3,8,2430.0,760,2580,3989,780000.0
3,1.0,1090.0,11292,1.0,0,0,4,7,1090.0,0,1570,8198,406000.0
3,1.5,960.0,6497,1.0,0,0,4,7,960.0,0,1160,7080,160000.0
4,2.5,3280.0,27441,2.0,0,0,3,9,3280.0,0,3200,26960,699000.0
4,2.5,1770.0,5000,2.0,0,0,3,7,1770.0,0,2080,5100,324950.0
3,2.0,3120.0,9400,1.0,0,0,5,9,1820.0,1300,2770,9500,855000.0
3,1.75,1670.0,7210,1.0,0,0,5,8,1670.0,0,2200,7210,678000.0
3,2.25,2480.0,8755,2.0,0,0,3,8,2480.0,0,2280,9940,325000.0
3,1.0,1450.0,6000,1.0,0,0,4,7,1450.0,0,1170,6464,287000.0
5,3.5,3020.0,15305,2.0,0,0,3,10,2230.0,790,3680,14486,754000.0
4,2.0,2030.0,103672,1.0,0,0,4,7,2030.0,0,1560,325393,335000.0
4,2.5,,2617,1.5,0,0,4,7,1250.0,700,1520,1438,519000.0
3,1.0,1150.0,7314,1.0,0,0,3,7,1150.0,0,1350,7350,300000.0
3,1.75,1370.0,8719,1.0,0,0,3,7,1370.0,0,1370,7525,247200.0
3,2.5,1620.0,5250,2.0,0,0,3,8,1620.0,0,1650,5250,240000.0
3,3.75,3710.0,34412,2.0,0,0,3,10,2910.0,800,2390,34412,998000.0
3,1.75,2010.0,3800,2.0,0,0,2,7,2010.0,0,1540,3800,575000.0
3,1.5,1380.0,11130,1.0,0,0,3,7,1380.0,0,1380,9200,209950.0
3,1.75,1540.0,8925,1.0,0,0,4,7,1540.0,0,1620,10397,392500.0
2,1.0,800.0,15000,1.0,0,0,3,6,800.0,0,1170,15000,110000.0
2,1.0,790.0,8100,1.0,0,0,3,6,790.0,0,1420,8100,259950.0
3,2.5,1495.0,936,3.0,0,0,3,8,1405.0,90,1495,1186,400000.0
2,1.0,810.0,7158,1.0,0,0,5,6,810.0,0,1090,7158,206000.0
4,1.75,1430.0,10500,1.0,0,0,4,7,1130.0,300,2070,8640,412000.0
5,3.5,3060.0,8862,2.0,0,0,3,8,3060.0,0,2680,8398,605000.0
3,2.5,2440.0,7632,2.0,0,0,3,8,2440.0,0,2510,7903,335000.0
4,3.5,4150.0,49503,2.0,0,0,3,11,4150.0,0,3330,60137,1180000.0
3,1.75,1400.0,7405,1.0,0,0,3,7,1400.0,0,1820,7440,334000.0
3,1.5,1280.0,5065,2.0,0,0,4,6,1280.0,0,1070,4491,215000.0
4,3.0,3370.0,100681,1.0,0,0,5,8,1920.0,1450,2440,43705,785000.0
4,2.25,2130.0,5337,2.0,0,0,3,7,2130.0,0,2300,6930,389000.0
4,2.5,2130.0,9268,2.0,0,0,4,8,2130.0,0,2100,8400,355000.0
3,2.5,1640.0,3804,2.0,0,0,3,8,1640.0,0,1440,3230,602000.0
3,1.75,1920.0,7400,1.0,0,0,4,8,1260.0,660,2360,8048,605000.0
5,3.0,2560.0,12480,1.0,0,0,3,8,1590.0,970,2500,17299,565000.0
4,2.0,5461.0,22880,1.0,0,0,4,9,3265.0,2196,1940,10995,545000.0
3,2.0,1210.0,6634,1.0,0,0,4,7,1210.0,0,1560,7200,237000.0
4,2.0,1770.0,5000,2.0,0,0,4,7,1770.0,0,1550,5000,632500.0
7,3.25,4340.0,8521,2.0,0,0,3,7,2550.0,1790,1890,8951,419000.0
3,2.5,2680.0,87117,1.0,0,0,3,7,1340.0,1340,2580,87117,475000.0
3,1.75,1540.0,4800,1.0,0,0,4,6,770.0,770,1510,4080,565000.0
5,3.5,5000.0,26540,2.0,0,3,3,10,3410.0,1590,3360,17398,1730000.0
3,2.5,3410.0,41022,2.0,0,0,3,11,3410.0,0,2150,21429,725000.0
4,1.75,1840.0,10720,1.0,0,0,3,7,960.0,880,1840,9044,404000.0
4,2.25,1790.0,9920,1.0,0,0,4,7,1170.0,620,1990,9648,330000.0
2,1.0,2060.0,8398,1.0,0,0,3,7,1260.0,800,1690,13495,270000.0
4,5.5,5060.0,10320,2.0,0,0,3,11,5060.0,0,3010,10080,2150000.0
2,1.0,1000.0,5375,1.0,0,0,3,7,1000.0,0,1380,5000,420000.0
5,2.75,2520.0,16100,1.0,0,3,4,8,1570.0,950,2760,16988,896000.0
2,1.0,1480.0,6210,1.0,0,0,3,7,1080.0,400,1290,7509,331000.0
4,2.75,2680.0,8500,1.0,0,4,4,9,1480.0,1200,2940,8650,1240000.0
2,1.0,1060.0,3036,1.5,0,0,4,6,1060.0,0,1730,5535,435000.0
4,2.5,2150.0,9000,1.0,0,0,4,7,1360.0,790,1620,8400,317500.0
4,2.5,2560.0,7492,2.0,0,0,3,8,2560.0,0,1260,11541,399500.0
5,3.0,3670.0,9600,1.0,0,1,3,8,1980.0,1690,1730,4933,605000.0
3,2.5,2605.0,2216,2.0,0,2,3,9,2090.0,515,2605,2300,789800.0
3,2.75,2730.0,11936,2.0,0,2,3,8,1530.0,1200,2810,12333,570000.0
3,1.5,1320.0,8100,1.0,0,0,4,7,1320.0,0,1480,8100,500000.0
5,3.0,2190.0,4900,2.0,0,0,5,7,1490.0,700,1370,4606,588000.0
2,1.0,880.0,10950,1.0,0,0,4,7,880.0,0,1450,7560,372500.0
3,1.5,1370.0,7697,1.0,0,0,3,7,1370.0,0,1370,7697,468000.0
5,2.0,2130.0,4180,1.5,0,0,5,7,1270.0,860,1710,4180,615000.0
3,2.5,1570.0,1433,3.0,0,0,3,8,1570.0,0,1570,2652,635000.0
3,1.0,,39150,1.5,0,0,3,6,1580.0,400,1860,11811,308000.0
4,2.5,2400.0,7351,2.0,0,0,3,9,2400.0,0,2330,7756,650000.0
3,1.0,2020.0,8100,1.0,0,0,3,7,1170.0,850,1480,7620,450000.0
4,3.0,2800.0,7198,2.0,0,0,3,8,2800.0,0,3610,7845,444000.0
3,1.75,1460.0,9998,1.0,0,0,3,7,960.0,500,1460,9998,446000.0
4,2.5,1940.0,5414,2.0,0,0,3,8,1940.0,0,2050,6307,420000.0
3,1.0,1100.0,5400,1.5,0,0,3,7,1100.0,0,1770,4400,505000.0
3,1.75,2220.0,11646,1.0,0,0,3,7,1270.0,950,1490,10003,320000.0
3,2.0,1510.0,6710,1.0,0,0,3,7,1070.0,440,1660,6600,397500.0
3,2.5,4110.0,35741,2.0,0,0,3,7,4110.0,0,2710,8865,1030000.0
3,1.0,1040.0,8199,1.0,0,0,3,7,1040.0,0,1420,8200,285650.0
2,1.0,1240.0,6400,1.0,0,1,4,7,1060.0,180,1240,6400,559000.0
3,1.75,1470.0,6250,1.0,0,3,4,7,1070.0,400,2630,7050,432000.0
3,1.0,1070.0,6164,1.0,0,0,3,7,1070.0,0,1320,7920,175000.0
4,3.5,2850.0,2910,2.0,0,2,3,8,1970.0,880,1460,3880,710000.0
4,1.75,1670.0,9886,1.0,0,0,5,7,1670.0,0,2590,9997,456000.0
4,2.5,1940.0,7107,2.0,0,0,3,7,1940.0,0,1850,5705,322500.0
4,4.0,4620.0,130208,2.0,0,0,3,10,4620.0,0,4620,131007,1460000.0
3,1.0,1400.0,5100,1.5,0,0,3,7,1400.0,0,1740,3060,887200.0
3,1.0,1070.0,4800,1.0,0,0,3,6,970.0,100,1120,1198,265000.0
5,3.0,2720.0,9856,2.0,0,0,4,8,2720.0,0,1420,9685,436000.0
3,1.0,1310.0,7125,1.0,0,0,4,7,1310.0,0,1650,7290,240000.0
3,1.75,1720.0,6000,1.0,0,2,3,7,1000.0,720,1690,6000,304000.0
4,2.5,3520.0,7815,2.0,0,3,3,10,3140.0,380,2790,6644,1400000.0
4,3.75,3920.0,4500,3.0,0,0,3,8,3920.0,0,2040,3000,1170000.0
3,2.5,2500.0,10359,2.0,0,0,3,10,2500.0,0,2580,10142,705000.0
4,2.5,2840.0,8746,2.0,0,0,3,8,2840.0,0,2630,9900,339000.0
3,1.75,1100.0,10125,1.0,0,0,4,7,1100.0,0,1520,10125,224000.0
1,1.0,750.0,4000,1.0,0,0,3,6,750.0,0,1770,4850,250000.0
3,2.25,1380.0,7226,1.0,0,0,4,7,1140.0,240,1640,7823,265000.0
3,1.0,1240.0,14110,1.0,0,0,4,7,1240.0,0,2060,19350,270000.0
3,2.5,1950.0,4949,2.0,0,0,3,7,1950.0,0,2200,5740,430000.0
4,4.5,5250.0,48352,2.0,0,0,3,10,5250.0,0,2500,48352,915000.0
3,1.0,1580.0,6000,1.0,0,0,5,7,1580.0,0,1580,6000,551000.0
4,3.25,2510.0,7686,2.0,0,0,3,9,2510.0,0,2510,6732,290500.0
3,1.0,1010.0,9611,1.0,0,0,4,6,1010.0,0,1200,9611,241000.0
4,3.0,2800.0,6977,2.0,0,0,3,8,2800.0,0,2800,6600,449950.0
4,3.5,4170.0,4322,2.0,0,0,3,9,2940.0,1230,2970,4922,810000.0
3,2.0,1790.0,11430,1.0,0,0,3,7,1190.0,600,1700,12114,525000.0
4,1.5,1450.0,5530,1.0,0,0,4,6,1450.0,0,1060,5200,175409.0
3,1.5,2480.0,5280,1.5,0,0,5,7,1620.0,860,2090,4800,475000.0
4,3.75,4100.0,22798,1.5,0,3,5,11,2540.0,1560,3880,18730,2030000.0
2,1.0,1760.0,5250,1.0,0,2,4,7,1000.0,760,1760,5400,490000.0
3,1.5,1290.0,1286,3.0,0,0,3,7,1290.0,0,1720,1286,440000.0
3,2.0,1420.0,12655,1.0,0,0,5,7,1420.0,0,2020,9655,421000.0
6,2.75,2730.0,5000,1.0,0,0,3,8,1780.0,950,2090,5000,733000.0
3,3.75,6030.0,39317,2.0,0,0,3,11,4440.0,1590,4040,12333,1830000.0
3,3.25,3780.0,10623,1.0,0,1,3,11,2650.0,1130,3850,11170,1150000.0
4,2.5,3060.0,10043,1.0,0,0,4,8,1700.0,1360,1630,8296,475000.0
4,2.5,3930.0,21894,2.0,0,0,3,11,3930.0,0,3930,20000,1090000.0
5,5.0,5450.0,20412,2.0,0,0,3,11,5450.0,0,3160,17825,3420000.0
3,2.5,2630.0,10100,1.0,0,0,4,9,1580.0,1050,2400,9700,852500.0
3,2.25,2360.0,14950,1.0,0,0,4,9,2360.0,0,2720,14388,431000.0
3,1.5,1250.0,219978,1.0,0,0,4,6,1250.0,0,1930,210394,350000.0
3,1.75,1540.0,1044,3.0,0,0,3,8,1540.0,0,1580,3090,549000.0
4,2.5,2201.0,9542,2.0,0,0,3,8,2201.0,0,1990,9542,397000.0
4,2.25,1834.0,7460,2.0,0,0,3,8,1834.0,0,1979,9008,280000.0
4,2.5,1940.0,7607,2.0,0,0,3,8,1940.0,0,2250,7600,500000.0
4,2.5,1810.0,4871,2.0,0,0,3,8,1810.0,0,1850,5003,295000.0
3,1.0,1410.0,9704,1.0,0,0,3,8,1140.0,270,1910,13639,400000.0
3,2.25,1960.0,17126,1.0,0,0,3,8,1400.0,560,2060,11466,285750.0
2,1.75,6840.0,10000,2.5,1,4,3,11,4350.0,2490,3120,12300,3280000.0
4,2.25,1890.0,4300,1.5,0,0,3,7,1350.0,540,1830,3800,620000.0
2,1.0,1020.0,13647,1.0,0,0,5,6,1020.0,0,980,8250,160000.0
5,2.75,3170.0,7062,2.0,0,0,3,9,3170.0,0,3210,6891,919950.0
3,2.25,3200.0,3800,2.0,0,0,5,9,2650.0,550,2400,3900,995000.0
4,3.5,2340.0,2810,2.0,0,2,3,8,,610,2600,2843,735000.0
2,1.0,940.0,15000,1.0,0,0,3,7,940.0,0,1450,15000,225000.0
4,3.5,3380.0,11270,2.0,0,1,3,9,2160.0,1220,2910,11214,865000.0
3,1.75,1400.0,7920,1.0,0,0,3,7,1400.0,0,1310,7876,335000.0
2,1.5,1860.0,5100,1.0,0,0,3,7,1060.0,800,1710,5100,510000.0
3,1.75,2180.0,10230,1.0,0,0,4,7,1090.0,1090,2130,7200,325000.0
3,1.5,1460.0,11407,1.0,0,0,3,7,1460.0,0,1470,11407,381000.0
4,2.5,3160.0,8726,2.0,0,0,3,9,3160.0,0,2500,8648,427500.0
4,1.0,1740.0,4400,1.5,0,0,3,7,1740.0,0,1590,4400,382000.0
2,1.75,2320.0,5500,1.5,0,2,3,8,1720.0,600,2380,5000,700000.0
4,3.5,4210.0,9414,2.0,0,0,3,9,4210.0,0,3950,8880,884744.0
2,1.0,1070.0,6100,1.0,0,0,3,6,1070.0,0,1770,5695,406650.0
4,3.25,3950.0,10912,2.0,0,0,3,10,3950.0,0,3000,10998,1780000.0
5,1.0,1880.0,3774,1.5,0,0,3,6,1360.0,520,1420,2550,340000.0
2,1.0,760.0,3001,1.0,0,0,3,6,760.0,0,1750,5000,300000.0
2,2.5,1330.0,1249,3.0,0,0,3,8,1330.0,0,1430,1328,515000.0
5,2.75,3030.0,7000,1.0,0,0,4,7,1540.0,1490,1790,7330,321000.0
3,2.5,1760.0,10137,2.0,0,0,3,8,1760.0,0,2000,6935,310000.0
4,2.5,2650.0,9301,2.0,0,0,3,9,2650.0,0,2730,8688,429000.0
2,1.5,1370.0,159865,1.0,0,0,3,7,1370.0,0,1370,16217,385000.0
3,1.0,1440.0,4268,1.0,0,0,3,7,1040.0,400,1370,4268,285000.0
3,1.75,1260.0,6500,1.0,0,0,4,7,1260.0,0,1500,7700,390000.0
1,1.0,720.0,5100,1.0,0,0,3,6,720.0,0,1320,5100,335000.0
4,2.5,3100.0,7250,2.0,0,0,3,9,3100.0,0,1240,6670,967000.0
4,2.5,3060.0,5000,2.0,0,0,3,9,3060.0,0,2870,5548,710000.0
4,2.25,3270.0,15760,1.0,0,0,4,10,2000.0,1270,4100,15760,987500.0
3,1.5,1190.0,9135,1.0,0,0,4,7,1190.0,0,1520,9146,299000.0
5,3.5,3700.0,8504,2.0,0,0,3,8,2750.0,950,2370,6246,1300000.0
4,2.0,2200.0,7700,1.0,0,0,3,7,1100.0,1100,1790,7700,279000.0
4,1.75,1670.0,8000,1.0,0,0,4,8,1670.0,0,1720,8000,268500.0
2,2.25,860.0,696,2.0,0,0,3,9,860.0,0,1100,3000,345000.0
3,1.0,1020.0,8625,1.0,0,0,3,7,1020.0,0,1290,9440,245000.0
4,2.25,2660.0,7957,1.0,0,0,4,8,1750.0,910,1890,8250,525000.0
3,2.5,2300.0,27566,2.0,0,0,3,9,2300.0,0,2480,16650,510000.0
4,2.25,4250.0,16940,1.0,0,2,4,9,2380.0,1870,3460,17693,1530000.0
3,2.25,2150.0,9250,2.0,0,0,3,8,2150.0,0,2240,9266,559500.0
4,1.75,1530.0,18400,1.5,0,0,4,6,1530.0,0,1620,13535,220000.0
4,3.5,3560.0,6562,2.0,0,0,3,10,3560.0,0,3710,6562,882990.0
3,2.5,1610.0,3848,2.0,0,0,3,8,1610.0,0,1610,3049,292000.0
4,2.5,2510.0,47044,2.0,0,0,3,9,2510.0,0,2600,42612,575000.0
3,1.75,2410.0,51763,1.0,0,0,4,8,1410.0,1000,2410,49207,432000.0
3,1.75,1458.0,858,2.0,0,0,3,8,950.0,508,1458,3000,620000.0
3,1.0,1200.0,5650,1.5,0,0,3,7,1200.0,0,1610,5650,329000.0
4,1.75,2020.0,7029,1.0,0,0,4,7,1430.0,590,1780,7200,532000.0
3,1.75,2600.0,15064,1.0,0,0,4,8,1700.0,900,2940,14984,860000.0
4,3.25,3770.0,982998,2.0,0,0,3,10,3770.0,0,2290,37141,998000.0
3,2.5,1590.0,3480,2.0,0,0,3,7,1590.0,0,1680,3480,320000.0
2,1.75,1830.0,7200,1.0,0,2,4,7,1070.0,760,1570,6000,585000.0
2,2.0,1200.0,7131,1.0,0,0,3,8,1200.0,0,1670,4601,389000.0
4,3.5,4070.0,10976,2.0,0,0,3,10,4070.0,0,4080,10106,889000.0
4,2.5,2850.0,8526,2.0,0,0,3,9,2850.0,0,2440,7072,895000.0
4,1.75,1540.0,8311,1.0,0,0,4,7,1540.0,0,1890,7996,512500.0
4,3.25,4060.0,20822,2.0,0,0,3,10,4060.0,0,4170,23958,1180000.0
4,3.0,3330.0,6990,1.5,0,3,5,9,2330.0,1000,2620,5310,1240000.0
4,1.75,1880.0,12150,1.0,0,0,3,7,1280.0,600,1980,9680,310000.0
4,2.5,2350.0,8182,2.0,0,0,3,8,2350.0,0,2330,7000,367000.0
4,2.25,2230.0,11200,1.0,0,0,4,7,1300.0,930,2090,10563,480000.0
3,2.0,1410.0,9600,1.0,0,0,4,7,1410.0,0,1410,9600,365500.0
3,1.0,1210.0,6650,1.0,0,0,3,6,1210.0,0,990,7590,355000.0
3,1.0,1120.0,5200,1.0,0,0,5,7,1120.0,0,1690,5200,195700.0
3,2.75,1320.0,15236,1.0,0,0,3,7,880.0,440,1490,8351,210000.0
3,1.0,1460.0,43000,1.0,0,0,3,7,1460.0,0,2250,20023,400000.0
3,2.5,2190.0,11394,1.0,0,0,3,8,1550.0,640,2190,9540,1290000.0
3,3.25,1860.0,2218,3.0,0,0,3,8,1860.0,0,1860,2218,387500.0
3,2.5,4560.0,17622,2.0,0,0,4,9,3800.0,760,2360,15000,695000.0
3,2.5,1580.0,2765,2.0,0,0,3,8,1580.0,0,1580,1820,349900.0
3,2.5,1500.0,7401,2.0,0,0,3,8,1500.0,0,1720,7171,260000.0
3,1.75,1800.0,7620,1.0,0,0,3,8,1350.0,450,1770,7620,509007.0
2,1.75,1220.0,15600,1.0,0,0,3,6,1220.0,0,1510,17818,215500.0
3,2.0,1550.0,15040,1.0,0,0,4,6,1550.0,0,1510,41416,249950.0
5,2.0,2280.0,19000,1.5,0,0,3,6,2280.0,0,1790,11800,365000.0
4,1.75,1620.0,4240,1.5,0,0,5,7,1620.0,0,1450,4240,512500.0
3,2.25,2370.0,9619,1.0,0,0,4,8,1650.0,720,1960,9712,746000.0
4,2.25,2560.0,12100,1.0,0,0,4,8,1760.0,800,2240,12100,765000.0
4,2.75,2410.0,5225,2.0,0,0,3,8,2410.0,0,2300,5378,379000.0
3,1.75,1970.0,8200,1.0,0,0,3,7,1270.0,700,1890,8348,315000.0
4,2.5,2730.0,7649,2.0,0,0,3,7,2730.0,0,2730,6216,507000.0
3,2.0,2500.0,30056,1.0,0,0,5,8,1840.0,660,2500,30000,575000.0
4,2.75,3260.0,19542,1.0,0,0,4,10,2170.0,1090,3480,19863,1880000.0
3,2.0,1410.0,6413,1.0,0,0,4,7,910.0,500,1330,6050,590000.0
2,1.0,1120.0,7560,1.0,0,1,3,6,1120.0,0,1120,7200,380000.0
1,1.0,700.0,5621,1.0,0,0,4,6,700.0,0,1020,5621,403500.0
3,2.5,1590.0,3121,2.0,0,0,3,7,1590.0,0,1090,4900,299000.0
3,2.5,1970.0,3667,2.0,0,0,3,7,1970.0,0,1970,3739,420000.0
4,2.25,2230.0,6000,1.5,0,2,3,8,1810.0,420,2840,6000,740000.0
3,1.0,1020.0,7650,1.0,0,0,3,6,1020.0,0,1870,5500,625000.0
4,2.25,3010.0,12202,1.0,0,0,4,9,3010.0,0,2480,10143,830000.0
3,2.5,1270.0,1283,3.0,0,0,3,7,1270.0,0,1270,1512,292000.0
2,1.75,1100.0,7600,1.0,0,0,3,6,1100.0,0,1230,7350,189650.0
2,1.0,880.0,4814,1.0,0,0,4,5,880.0,0,1010,6160,208500.0
3,1.75,1510.0,12408,1.0,0,0,4,7,1510.0,0,1480,17800,310650.0
2,1.0,1620.0,5400,1.0,0,0,3,6,920.0,700,1540,7245,290000.0
4,5.5,7080.0,16573,2.0,0,0,3,12,5760.0,1320,3140,15996,4000000.0
5,3.0,3070.0,5252,2.0,0,0,3,8,3070.0,0,2760,5203,341950.0
4,2.5,2750.0,15099,2.0,0,0,3,8,2750.0,0,2500,14564,535000.0
2,2.25,1860.0,2670,2.0,0,0,4,8,1860.0,0,1860,2531,462370.0
3,1.0,1380.0,5400,1.0,0,0,4,7,1380.0,0,1190,6075,380000.0
4,2.75,2170.0,7140,1.0,0,0,3,8,1290.0,880,2120,7820,555000.0
4,2.5,2700.0,6515,2.0,0,0,3,9,2700.0,0,2900,6710,426500.0
3,2.25,1430.0,800,2.0,0,0,3,8,1140.0,290,1430,1387,384000.0
4,2.5,4090.0,11225,2.0,0,0,3,10,4090.0,0,3510,8762,885000.0
5,2.25,2890.0,12478,2.0,0,0,3,9,,0,2570,11880,598000.0
4,1.75,1500.0,12560,1.0,0,0,4,7,1000.0,500,1700,9020,239000.0
2,1.0,910.0,3600,1.0,0,0,4,7,910.0,0,1720,3600,605000.0
2,1.75,2870.0,102366,2.0,0,2,4,8,1770.0,1100,2960,108900,570000.0
4,3.0,3290.0,10783,2.0,0,0,3,9,3290.0,0,2810,10783,449950.0
3,1.5,1110.0,1150,2.0,0,0,3,8,940.0,170,1380,1751,190500.0
4,2.0,2300.0,8400,1.0,0,0,4,6,1150.0,1150,1230,8400,258750.0
3,2.5,3820.0,35016,2.0,0,0,4,9,3820.0,0,3010,35190,775000.0
5,2.25,2780.0,10192,2.0,0,0,4,9,2780.0,0,2740,9900,830000.0
3,1.75,1590.0,1322,2.0,0,0,3,8,1060.0,530,1530,5400,465000.0
2,1.0,900.0,6400,1.0,0,0,2,6,900.0,0,1350,6405,140000.0
3,2.5,2070.0,4463,1.5,0,0,5,8,1780.0,290,2070,5000,781000.0
3,2.5,1780.0,2778,2.0,0,0,3,8,1530.0,250,1380,1998,443000.0
3,2.0,1350.0,11150,1.0,0,0,3,7,1110.0,240,1290,10043,310000.0
3,2.0,1010.0,12252,1.0,0,0,3,8,1010.0,0,1840,11497,400000.0
4,2.5,2500.0,8282,2.0,0,0,3,9,2500.0,0,2500,8046,620000.0
3,2.25,1830.0,7897,1.0,0,0,4,8,1290.0,540,1990,8306,572000.0
3,2.5,1680.0,4075,2.0,0,0,3,7,1680.0,0,1710,4075,394000.0
4,2.5,1940.0,3784,2.0,0,0,3,8,1940.0,0,1940,4499,330000.0
4,2.75,2110.0,8190,1.5,0,0,5,8,2110.0,0,2420,8400,746000.0
5,5.75,9200.0,35069,2.0,0,0,3,13,6200.0,3000,3560,24345,5570000.0
4,2.5,2880.0,3091,2.0,0,0,3,9,1940.0,940,1560,4080,635000.0
3,3.0,2490.0,3600,2.0,0,3,4,8,1790.0,700,2490,3600,1390000.0
2,1.0,1510.0,11165,1.5,0,0,4,7,1510.0,0,2210,8851,549000.0
3,2.5,1440.0,1068,2.0,0,0,3,8,1160.0,280,1580,1483,292500.0
3,2.0,1770.0,14400,1.0,0,0,4,8,1770.0,0,1900,14400,381000.0
2,1.0,1160.0,5395,1.0,0,0,3,7,860.0,300,1664,5363,350000.0
4,2.5,1980.0,6660,2.0,0,0,4,7,1980.0,0,1980,7150,463000.0
4,1.0,1280.0,8316,1.0,0,0,3,6,1280.0,0,1310,7830,239000.0
3,2.25,1780.0,7280,1.0,0,2,3,7,,440,2060,7280,449500.0
5,3.0,3223.0,6371,2.0,0,0,3,9,3223.0,0,1979,9008,479349.0
2,1.0,930.0,4743,1.0,0,0,4,5,930.0,0,930,4779,141800.0
3,2.5,3530.0,9753,2.0,0,0,3,10,3530.0,0,3220,9234,898000.0
4,1.0,1610.0,8401,1.0,0,0,3,7,1610.0,0,1610,8401,269000.0
2,0.5,1180.0,7750,1.0,0,0,4,6,590.0,590,1380,8976,273000.0
4,2.5,1710.0,9627,1.0,0,0,3,9,1440.0,270,2140,9131,749000.0
3,1.0,1050.0,6300,1.0,0,0,3,6,1050.0,0,740,6300,220000.0
4,2.0,1910.0,10200,1.0,0,0,4,7,1910.0,0,1820,15600,335000.0
3,1.0,1130.0,9147,1.0,0,0,5,7,1130.0,0,1930,9906,426000.0
2,1.0,1210.0,3090,1.0,0,0,3,6,860.0,350,1210,3348,366000.0
4,2.5,2080.0,4080,1.0,0,0,5,7,1040.0,1040,1340,4080,550000.0
4,2.5,2410.0,15899,2.0,0,3,3,9,2410.0,0,2360,11412,610000.0
3,2.25,1580.0,1487,3.0,0,0,3,9,1580.0,0,1600,1525,542300.0
3,2.25,1960.0,6500,2.0,0,0,4,8,1960.0,0,1860,6160,450000.0
3,1.75,1800.0,16026,1.0,0,0,3,8,1390.0,410,2210,13959,493500.0
3,2.5,2650.0,7286,2.0,0,0,3,8,2650.0,0,2400,7220,446500.0
5,2.5,2960.0,9877,1.0,0,0,4,7,1480.0,1480,1900,9877,550000.0
2,2.25,1160.0,1010,2.0,0,0,3,8,1000.0,160,1200,1170,495000.0
3,1.75,1460.0,7980,1.0,0,0,3,7,1460.0,0,1920,7980,290000.0
3,1.5,1730.0,7800,1.0,0,0,3,7,1330.0,400,1780,8309,394999.0
6,3.5,4860.0,11793,2.0,0,0,3,11,3860.0,1000,3600,11793,1070000.0
4,2.25,3080.0,10487,2.0,0,0,4,9,3080.0,0,2480,10607,1170000.0
3,2.25,1450.0,19206,2.0,0,0,3,7,1450.0,0,1710,21485,410000.0
2,1.0,960.0,8276,1.0,0,0,3,5,960.0,0,1620,6000,305000.0
5,3.0,3520.0,36558,2.0,0,0,4,8,2100.0,1420,3000,36558,632000.0
3,2.0,1760.0,2875,2.0,0,2,3,7,1290.0,470,1760,4830,437500.0
4,2.5,3320.0,8325,2.5,0,0,5,10,3320.0,0,3680,6050,1800000.0
3,2.0,1800.0,12440,1.0,0,0,3,8,1220.0,580,2460,12352,418500.0
4,2.5,2623.0,7184,2.0,0,0,3,8,2623.0,0,2010,4939,333000.0
2,2.0,1730.0,4248,2.0,0,0,3,7,1730.0,0,1380,4000,450000.0
4,2.5,3040.0,6425,2.0,0,0,3,8,3040.0,0,3040,7800,776000.0
4,1.5,2150.0,11026,1.0,0,0,4,7,2150.0,0,1760,10283,400000.0
3,1.0,1200.0,9194,1.0,0,0,4,7,1200.0,0,1330,8650,369500.0
